antecedents,consequents,antecedent support,consequent support,support,confidence,lift,leverage,conviction
frozenset({'market_segment_Groups'}),frozenset({'is_canceled'}),0.16593517044978642,0.37041628277075134,0.1013233939190887,0.6106203624249155,1.6484706283898032,0.039858304900147794,1.6168891654172473
frozenset({'deposit_type_Non Refund'}),frozenset({'is_canceled'}),0.1221794120110562,0.37041628277075134,0.12140045229918754,0.9936244601357374,2.6824535160909386,0.07614320867093602,98.74986756153899
"frozenset({'market_segment_Groups', 'hotel_City Hotel'})",frozenset({'is_canceled'}),0.11705335455230756,0.37041628277075134,0.08060139040120613,0.6885867620751343,1.8589538152168568,0.03724292192209356,2.0216986324169928
"frozenset({'deposit_type_Non Refund', 'hotel_City Hotel'})",frozenset({'is_canceled'}),0.10778122120780635,0.37041628277075134,0.10758019934667895,0.998134908299658,2.6946302166673335,0.06765628003439125,337.5618030544049
"frozenset({'deposit_type_Non Refund', 'hotel_Resort Hotel'})",frozenset({'is_canceled'}),0.014398190803249854,0.37041628277075134,0.013820252952508586,0.9598603839441536,2.591301809856469,0.008486928636544756,15.684846520537388
"frozenset({'distribution_channel_TA/TO', 'market_segment_Groups'})",frozenset({'is_canceled'}),0.14332021107295417,0.37041628277075134,0.09344166178071865,0.6519782595990884,1.760123109929793,0.040353521949155494,1.8090355979025485
"frozenset({'market_segment_Groups', 'customer_type_Transient'})",frozenset({'is_canceled'}),0.07058380098835748,0.37041628277075134,0.0675433453388056,0.9569241723033108,2.5833750210585267,0.04139795615286773,14.615707947908774
"frozenset({'market_segment_Groups', 'meal_BB'})",frozenset({'is_canceled'}),0.1286874947650557,0.37041628277075134,0.08426166345590083,0.6547774017183026,1.7676798568910126,0.03659372000594838,1.8237036635577257
"frozenset({'reserved_room_type_A', 'market_segment_Groups'})",frozenset({'is_canceled'}),0.1560515956110227,0.37041628277075134,0.0976547449535137,0.6257849820192154,1.6894100263041363,0.039850692986834184,1.6824116803927331
"frozenset({'assigned_room_type_A', 'market_segment_Groups'})",frozenset({'is_canceled'}),0.14117597788759528,0.37041628277075134,0.09644861378674931,0.6831800652625333,1.8443575432275199,0.044154732841100476,1.9871972947376373
"frozenset({'deposit_type_Non Refund', 'market_segment_Groups'})",frozenset({'is_canceled'}),0.07682385459418711,0.37041628277075134,0.076304548119608,0.9932402965547318,2.6814164029863745,0.04784774147270851,93.1377718455913
"frozenset({'deposit_type_Non Refund', 'market_segment_Offline TA/TO'})",frozenset({'is_canceled'}),0.041929809866823015,0.37041628277075134,0.041904682134182095,0.9994007191370357,2.6980474823121083,0.026373197826029142,1050.5653628167083
"frozenset({'distribution_channel_TA/TO', 'deposit_type_Non Refund'})",frozenset({'is_canceled'}),0.11433955942708769,0.37041628277075134,0.11389563615043136,0.9961175005494103,2.6891838908871675,0.07154240157380412,162.15938346974414
"frozenset({'deposit_type_Non Refund', 'customer_type_Transient'})",frozenset({'is_canceled'}),0.10812463355389898,0.37041628277075134,0.10812463355389898,1.0,2.6996653400868307,0.06807350871691406,inf
"frozenset({'deposit_type_Non Refund', 'meal_BB'})",frozenset({'is_canceled'}),0.10413769997487227,0.37041628277075134,0.10381103945054025,0.9968631866806081,2.6911969938901454,0.0652367397295523,200.70806041824216
"frozenset({'deposit_type_Non Refund', 'meal_HB'})",frozenset({'is_canceled'}),0.014289303961805846,0.37041628277075134,0.013887260239551051,0.9718640093786636,2.6237075813974005,0.008594269382637559,22.376454616522906
"frozenset({'reserved_room_type_A', 'deposit_type_Non Refund'})",frozenset({'is_canceled'}),0.11944048915319541,0.37041628277075134,0.11880391992629198,0.9946704067321178,2.685277221864769,0.07456121792184509,118.12978694327758
"frozenset({'deposit_type_Non Refund', 'assigned_room_type_A'})",frozenset({'is_canceled'}),0.11873691263924951,0.37041628277075134,0.11819247843202949,0.9954147855530474,2.6872867955675273,0.07421039262452324,137.30736577602832
"frozenset({'distribution_channel_TA/TO', 'market_segment_Groups', 'hotel_City Hotel'})",frozenset({'is_canceled'}),0.11356059971521903,0.37041628277075134,0.07907697462099003,0.6963416433102227,1.879889399303715,0.037012279405261354,2.073329132425104
"frozenset({'market_segment_Groups', 'hotel_City Hotel', 'customer_type_Transient'})",frozenset({'is_canceled'}),0.057056704916659685,0.37041628277075134,0.05547365776028143,0.972254844392249,2.6247627051372695,0.0343389252179047,22.69166286648487
"frozenset({'market_segment_Groups', 'meal_BB', 'hotel_City Hotel'})",frozenset({'is_canceled'}),0.10669235279336628,0.37041628277075134,0.07557584387302119,0.7083529596482964,1.912315933710431,0.03605525915123686,2.158718005401391
"frozenset({'reserved_room_type_A', 'market_segment_Groups', 'hotel_City Hotel'})",frozenset({'is_canceled'}),0.11590585476170534,0.37041628277075134,0.08013233939190886,0.691357132533603,1.8664328883227852,0.03719892351971138,2.0398453474639053
"frozenset({'assigned_room_type_A', 'market_segment_Groups', 'hotel_City Hotel'})",frozenset({'is_canceled'}),0.10835078314766731,0.37041628277075134,0.07952927380852667,0.7339981447124303,1.9815493509681859,0.03939437947966798,2.366839571658691
"frozenset({'deposit_type_Non Refund', 'market_segment_Groups', 'hotel_City Hotel'})",frozenset({'is_canceled'}),0.06415947734316108,0.37041628277075134,0.06412597369963983,0.9994778067885116,2.698255593172947,0.040360258597671866,1205.6528184936976
"frozenset({'market_segment_Offline TA/TO', 'customer_type_Transient', 'hotel_City Hotel'})",frozenset({'is_canceled'}),0.07822263171119859,0.37041628277075134,0.043353714716475415,0.5542349287932327,1.4962488275285828,0.01437877824946774,1.4123666430948723
"frozenset({'market_segment_Offline TA/TO', 'assigned_room_type_A', 'hotel_City Hotel'})",frozenset({'is_canceled'}),0.11327581874528855,0.37041628277075134,0.05765977050004188,0.5090209997042295,1.3741863502778573,0.015700562792598703,1.2823027397301745
"frozenset({'deposit_type_Non Refund', 'market_segment_Offline TA/TO', 'hotel_City Hotel'})",frozenset({'is_canceled'}),0.040665047323896475,0.37041628277075134,0.04065667141301617,0.9997940267765191,2.699109281314413,0.025593675744601745,3056.628947148315
"frozenset({'distribution_channel_TA/TO', 'customer_type_Transient', 'hotel_City Hotel'})",frozenset({'is_canceled'}),0.42594857190719493,0.37041628277075134,0.21337632967585224,0.5009438785542927,1.3523808262616905,0.05559804301847901,1.261548932423508
"frozenset({'distribution_channel_TA/TO', 'assigned_room_type_A', 'hotel_City Hotel'})",frozenset({'is_canceled'}),0.42244744115922606,0.37041628277075134,0.2130077895971187,0.5042231739233881,1.3612338263095447,0.056526378776902475,1.269893395807814
"frozenset({'distribution_channel_TA/TO', 'deposit_type_Non Refund', 'hotel_City Hotel'})",frozenset({'is_canceled'}),0.10422983499455565,0.37041628277075134,0.10420470726191473,0.9997589199614273,2.699014504662509,0.06559627922942265,2611.5132590680173
"frozenset({'meal_HB', 'customer_type_Transient', 'hotel_City Hotel'})",frozenset({'is_canceled'}),0.022908116257643017,0.37041628277075134,0.012111567132925705,0.5287020109689214,1.4273184942470045,0.0036260278634893638,1.335850633531416
"frozenset({'assigned_room_type_A', 'customer_type_Transient', 'hotel_City Hotel'})",frozenset({'is_canceled'}),0.3448613786749309,0.37041628277075134,0.17909372644275065,0.519320914191339,1.4019926724245648,0.0513514564827863,1.3097797175220987
"frozenset({'deposit_type_Non Refund', 'customer_type_Transient', 'hotel_City Hotel'})",frozenset({'is_canceled'}),0.09456403383867995,0.37041628277075134,0.09456403383867995,1.0,2.6996653400868307,0.05953597594034858,inf
"frozenset({'deposit_type_Non Refund', 'meal_BB', 'hotel_City Hotel'})",frozenset({'is_canceled'}),0.09759611357735154,0.37041628277075134,0.09739509171622414,0.9979402677651905,2.694104752362656,0.06124390211202953,305.66289471479854
"frozenset({'deposit_type_Non Refund', 'meal_HB', 'hotel_City Hotel'})",frozenset({'is_canceled'}),0.010134852165172962,0.37041628277075134,0.010134852165172962,1.0,2.6996653400868307,0.0063807378997184925,inf
"frozenset({'reserved_room_type_A', 'deposit_type_Non Refund', 'hotel_City Hotel'})",frozenset({'is_canceled'}),0.1070190133176983,0.37041628277075134,0.10694363011977552,0.9992956092979572,2.697763720922646,0.0673020450208402,893.7990172264269
"frozenset({'deposit_type_Non Refund', 'assigned_room_type_A', 'hotel_City Hotel'})",frozenset({'is_canceled'}),0.1067258564368875,0.37041628277075134,0.10667560097160567,0.9995291163082719,2.6983941117050603,0.06714260595472893,1337.0259541559794
"frozenset({'market_segment_Groups', 'hotel_Resort Hotel', 'customer_type_Transient'})",frozenset({'is_canceled'}),0.013527096071697798,0.37041628277075134,0.012069687578524165,0.8922600619195047,2.408803563507816,0.007059030934963034,5.843550019110557
"frozenset({'assigned_room_type_A', 'market_segment_Groups', 'hotel_Resort Hotel'})",frozenset({'is_canceled'}),0.03282519473992797,0.37041628277075134,0.016919339978222633,0.5154376116356214,1.3915090551098235,0.004760353361432495,1.2992830899533574
"frozenset({'deposit_type_Non Refund', 'market_segment_Groups', 'hotel_Resort Hotel'})",frozenset({'is_canceled'}),0.01266437725102605,0.37041628277075134,0.012178574419968172,0.9616402116402116,2.5961067489988436,0.007487482875036636,16.412596214665925
"frozenset({'deposit_type_Non Refund', 'customer_type_Transient', 'hotel_Resort Hotel'})",frozenset({'is_canceled'}),0.01356059971521903,0.37041628277075134,0.01356059971521903,1.0,2.6996653400868307,0.008537532776565488,inf
"frozenset({'reserved_room_type_A', 'deposit_type_Non Refund', 'hotel_Resort Hotel'})",frozenset({'is_canceled'}),0.01242147583549711,0.37041628277075134,0.011860289806516459,0.9548213081591369,2.5776979916135887,0.0072591729010049065,13.935412726133974
"frozenset({'deposit_type_Non Refund', 'assigned_room_type_A', 'hotel_Resort Hotel'})",frozenset({'is_canceled'}),0.012011056202362006,0.37041628277075134,0.01151687746042382,0.9588563458856346,2.5885912431097573,0.007067786669794309,15.302085601809209
"frozenset({'distribution_channel_TA/TO', 'market_segment_Groups', 'customer_type_Transient'})",frozenset({'is_canceled'}),0.06344752491833487,0.37041628277075134,0.062266521484211405,0.9813861386138613,2.6494141436574914,0.03876452515295718,33.82338055327323
"frozenset({'distribution_channel_TA/TO', 'market_segment_Groups', 'meal_BB'})",frozenset({'is_canceled'}),0.11359410335874026,0.37041628277075134,0.07952927380852667,0.7001179766996019,1.8900842356676344,0.03745216829770558,2.099438006654308
"frozenset({'reserved_room_type_A', 'distribution_channel_TA/TO', 'market_segment_Groups'})",frozenset({'is_canceled'}),0.13787586900075383,0.37041628277075134,0.09154870592176899,0.6639936820363282,1.792560729430111,0.04047723904272269,1.8737258306473803
"frozenset({'distribution_channel_TA/TO', 'assigned_room_type_A', 'market_segment_Groups'})",frozenset({'is_canceled'}),0.12694530530195158,0.37041628277075134,0.09045146159644861,0.7125230931644233,1.9235738986274533,0.04342885349130155,2.190032320019851
"frozenset({'distribution_channel_TA/TO', 'market_segment_Groups', 'deposit_type_Non Refund'})",frozenset({'is_canceled'}),0.07144651980902923,0.37041628277075134,0.07105285199765475,0.9944900351699884,2.6847902790101505,0.04458789771308729,114.26274697799072
"frozenset({'market_segment_Groups', 'meal_BB', 'customer_type_Transient'})",frozenset({'is_canceled'}),0.05972862048747801,0.37041628277075134,0.057215847223385546,0.9579301640723602,2.5860908621698417,0.035091393647389,14.965204958539271
"frozenset({'reserved_room_type_A', 'market_segment_Groups', 'customer_type_Transient'})",frozenset({'is_canceled'}),0.06823017003099087,0.37041628277075134,0.06555825446017255,0.9608396759145594,2.5939455704467993,0.04028468850447659,16.077081381032848
"frozenset({'assigned_room_type_A', 'market_segment_Groups', 'customer_type_Transient'})",frozenset({'is_canceled'}),0.06689840020102186,0.37041628277075134,0.06516458664879805,0.9740828846876173,2.629697802162957,0.04038432992302545,24.29219878990333
"frozenset({'deposit_type_Non Refund', 'market_segment_Groups', 'customer_type_Transient'})",frozenset({'is_canceled'}),0.06670575425077477,0.37041628277075134,0.06670575425077477,1.0,2.6996653400868307,0.041996856721783535,inf
"frozenset({'reserved_room_type_A', 'market_segment_Groups', 'meal_BB'})",frozenset({'is_canceled'}),0.12330178406901751,0.37041628277075134,0.08228494848814809,0.6673459683445417,1.8016107805864425,0.03661195997430078,1.8926081072762442
"frozenset({'assigned_room_type_A', 'market_segment_Groups', 'meal_BB'})",frozenset({'is_canceled'}),0.11284027137951252,0.37041628277075134,0.08153111650892035,0.7225356294536818,1.950604395813926,0.03973324263767852,2.269061487028475
"frozenset({'deposit_type_Non Refund', 'market_segment_Groups', 'meal_BB'})",frozenset({'is_canceled'}),0.06556663037105286,0.37041628277075134,0.06544936761872854,0.9982115482881961,2.6948371189880547,0.04116242012287929,352.0272384621668
"frozenset({'reserved_room_type_A', 'assigned_room_type_A', 'market_segment_Groups'})",frozenset({'is_canceled'}),0.14114247424407406,0.37041628277075134,0.09644861378674931,0.6833422348822028,1.8447953469289569,0.04416714313619288,1.9882149960701028
"frozenset({'reserved_room_type_A', 'deposit_type_Non Refund', 'market_segment_Groups'})",frozenset({'is_canceled'}),0.07483038780467376,0.37041628277075134,0.07431945724097495,0.9931721513319901,2.6812324336904463,0.046601063152073935,92.20821196272247
"frozenset({'deposit_type_Non Refund', 'assigned_room_type_A', 'market_segment_Groups'})",frozenset({'is_canceled'}),0.07437808861713711,0.37041628277075134,0.07395091716224139,0.9942567567567567,2.684160505363359,0.04640006205708793,109.621635470504
"frozenset({'distribution_channel_TA/TO', 'market_segment_Offline TA/TO', 'deposit_type_Non Refund'})",frozenset({'is_canceled'}),0.041887930312421474,0.37041628277075134,0.041862802579780554,0.9994001199760049,2.6980458647778405,0.026346831140493115,1049.5160566212708
"frozenset({'market_segment_Offline TA/TO', 'assigned_room_type_A', 'customer_type_Transient'})",frozenset({'is_canceled'}),0.08024122623335288,0.37041628277075134,0.04613451712873775,0.5749478079331941,1.5521666694361442,0.01641186038241228,1.4811915547780456
"frozenset({'deposit_type_Non Refund', 'market_segment_Offline TA/TO', 'customer_type_Transient'})",frozenset({'is_canceled'}),0.03839517547533294,0.37041628277075134,0.03839517547533294,1.0,2.6996653400868307,0.0241729772994294,inf
"frozenset({'deposit_type_Non Refund', 'market_segment_Offline TA/TO', 'meal_BB'})",frozenset({'is_canceled'}),0.03524583298433705,0.37041628277075134,0.03522070525169612,0.9992870722433459,2.6977406737322056,0.022165074814479255,883.096094033423
"frozenset({'reserved_room_type_A', 'deposit_type_Non Refund', 'market_segment_Offline TA/TO'})",frozenset({'is_canceled'}),0.04166178071865315,0.37041628277075134,0.041636652986012226,0.9993968636911942,2.6980370738985995,0.026204451038598565,1043.8498031660454
"frozenset({'market_segment_Offline TA/TO', 'deposit_type_Non Refund', 'assigned_room_type_A'})",frozenset({'is_canceled'}),0.041552893877209146,0.37041628277075134,0.04152776614456822,0.9993952832090304,2.6980328071256814,0.026135897656204894,1041.1216070579878
"frozenset({'distribution_channel_TA/TO', 'assigned_room_type_A', 'customer_type_Transient'})",frozenset({'is_canceled'}),0.37761119021693607,0.37041628277075134,0.20403718904430856,0.5403367122862277,1.4587282941355988,0.064163855631512,1.369662825066169
"frozenset({'distribution_channel_TA/TO', 'customer_type_Transient', 'deposit_type_Non Refund'})",frozenset({'is_canceled'}),0.10088784655331268,0.37041628277075134,0.10088784655331268,1.0,2.6996653400868307,0.06351734545628863,inf
"frozenset({'distribution_channel_TA/TO', 'assigned_room_type_A', 'meal_BB'})",frozenset({'is_canceled'}),0.3772175224055616,0.37041628277075134,0.19087025714046402,0.5059952038369304,1.366017714048732,0.05114274469500327,1.2744485926436733
"frozenset({'distribution_channel_TA/TO', 'deposit_type_Non Refund', 'meal_BB'})",frozenset({'is_canceled'}),0.09830806600217774,0.37041628277075134,0.09825781053689589,0.9994887961148504,2.6982852606763745,0.06184290216198753,1231.5706815198203
"frozenset({'distribution_channel_TA/TO', 'meal_HB', 'deposit_type_Non Refund'})",frozenset({'is_canceled'}),0.013208811458246084,0.37041628277075134,0.012815143646871597,0.9701965757767914,2.61920606869553,0.007922384806688375,21.124543022777157
"frozenset({'reserved_room_type_A', 'deposit_type_Non Refund', 'distribution_channel_TA/TO'})",frozenset({'is_canceled'}),0.11286539911215344,0.37041628277075134,0.11244660356813803,0.9962894248608534,2.6896480289918885,0.07063942197557689,169.67281179327955
"frozenset({'distribution_channel_TA/TO', 'assigned_room_type_A', 'deposit_type_Non Refund'})",frozenset({'is_canceled'}),0.11237959628109558,0.37041628277075134,0.11198592846972108,0.9964969814414548,2.690208362298645,0.0703586961559999,179.72605817158956
"frozenset({'assigned_room_type_A', 'customer_type_Transient', 'meal_BB'})",frozenset({'is_canceled'}),0.33024541418879305,0.37041628277075134,0.16596029818242733,0.5025362686415744,1.3566797465882228,0.04363201945652746,1.2655871725764665
"frozenset({'deposit_type_Non Refund', 'customer_type_Transient', 'meal_BB'})",frozenset({'is_canceled'}),0.09456403383867995,0.37041628277075134,0.09456403383867995,1.0,2.6996653400868307,0.05953597594034858,inf
"frozenset({'meal_HB', 'customer_type_Transient', 'assigned_room_type_A'})",frozenset({'is_canceled'}),0.03144316944467711,0.37041628277075134,0.017564285116006367,0.5586041555673948,1.5080442776137677,0.005917223171778202,1.426347178321424
"frozenset({'reserved_room_type_A', 'deposit_type_Non Refund', 'customer_type_Transient'})",frozenset({'is_canceled'}),0.1056956193986096,0.37041628277075134,0.1056956193986096,1.0,2.6996653400868307,0.06654424095582451,inf
"frozenset({'deposit_type_Non Refund', 'assigned_room_type_A', 'customer_type_Transient'})",frozenset({'is_canceled'}),0.1050925538152274,0.37041628277075134,0.1050925538152274,1.0,2.6996653400868307,0.06616456068410573,inf
"frozenset({'reserved_room_type_A', 'deposit_type_Non Refund', 'meal_BB'})",frozenset({'is_canceled'}),0.10199346678951336,0.37041628277075134,0.10180082083926627,0.9981111932331445,2.694566193924229,0.06402078000419265,333.32351846524233
"frozenset({'deposit_type_Non Refund', 'assigned_room_type_A', 'meal_BB'})",frozenset({'is_canceled'}),0.10144065667141301,0.37041628277075134,0.1013150180082084,0.9987614565271242,2.6963216872009172,0.06373974704215957,508.3258932909459
"frozenset({'reserved_room_type_A', 'deposit_type_Non Refund', 'meal_HB'})",frozenset({'is_canceled'}),0.013694614289303962,0.37041628277075134,0.013300946477929475,0.9712538226299694,2.6220602813809704,0.008228238358906285,21.901476120634484
"frozenset({'deposit_type_Non Refund', 'meal_HB', 'assigned_room_type_A'})",frozenset({'is_canceled'}),0.013602479269620571,0.37041628277075134,0.01323393919088701,0.9729064039408867,2.6265216978677293,0.008195359383367953,23.237362654097705
"frozenset({'reserved_room_type_A', 'deposit_type_Non Refund', 'assigned_room_type_A'})",frozenset({'is_canceled'}),0.11873691263924951,0.37041628277075134,0.11819247843202949,0.9954147855530474,2.6872867955675273,0.07421039262452324,137.30736577602832
"frozenset({'distribution_channel_TA/TO', 'market_segment_Groups', 'customer_type_Transient', 'hotel_City Hotel'})",frozenset({'is_canceled'}),0.05483708853337801,0.37041628277075134,0.054183767484713964,0.9880861463265618,2.667501922257783,0.03387121699220949,52.844674316665234
"frozenset({'distribution_channel_TA/TO', 'market_segment_Groups', 'meal_BB', 'hotel_City Hotel'})",frozenset({'is_canceled'}),0.10320797386715805,0.37041628277075134,0.0740514280928051,0.7174971595520209,1.9370022132533413,0.03582151406063157,2.228592520453549
"frozenset({'reserved_room_type_A', 'distribution_channel_TA/TO', 'market_segment_Groups', 'hotel_City Hotel'})",frozenset({'is_canceled'}),0.11244660356813803,0.37041628277075134,0.07860792361169278,0.6990689013035383,1.8872520831817436,0.03695587070778678,2.0921191593570954
"frozenset({'distribution_channel_TA/TO', 'assigned_room_type_A', 'market_segment_Groups', 'hotel_City Hotel'})",frozenset({'is_canceled'}),0.1054024625177988,0.37041628277075134,0.0780299857609515,0.7403051493960585,1.9985761529123423,0.03898719740022503,2.4243211437003875
"frozenset({'distribution_channel_TA/TO', 'market_segment_Groups', 'deposit_type_Non Refund', 'hotel_City Hotel'})",frozenset({'is_canceled'}),0.06285283524583299,0.37041628277075134,0.06285283524583299,1.0,2.6996653400868307,0.039571121652469066,inf
"frozenset({'market_segment_Groups', 'customer_type_Transient', 'meal_BB', 'hotel_City Hotel'})",frozenset({'is_canceled'}),0.05355557416869085,0.37041628277075134,0.05202278247759444,0.9713794182045667,2.622399347400579,0.03218492577237471,21.99758627302629
"frozenset({'reserved_room_type_A', 'market_segment_Groups', 'customer_type_Transient', 'hotel_City Hotel'})",frozenset({'is_canceled'}),0.056730044392327664,0.37041628277075134,0.055197252701231256,0.9729809537870958,2.626722957503649,0.03418352053600554,23.301478233845355
"frozenset({'assigned_room_type_A', 'market_segment_Groups', 'customer_type_Transient', 'hotel_City Hotel'})",frozenset({'is_canceled'}),0.05600971605662116,0.37041628277075134,0.055029734483625095,0.9825033647375504,2.6524302803006545,0.03428282366288622,35.98313091548691
"frozenset({'deposit_type_Non Refund', 'market_segment_Groups', 'customer_type_Transient', 'hotel_City Hotel'})",frozenset({'is_canceled'}),0.05475332942457492,0.37041628277075134,0.05475332942457492,1.0,2.6996653400868307,0.03447180466980147,inf
"frozenset({'reserved_room_type_A', 'market_segment_Groups', 'meal_BB', 'hotel_City Hotel'})",frozenset({'is_canceled'}),0.10561186028980651,0.37041628277075134,0.07511516877460424,0.711238004599889,1.920104589570838,0.035994816069550184,2.180285935331941
"frozenset({'assigned_room_type_A', 'market_segment_Groups', 'meal_BB', 'hotel_City Hotel'})",frozenset({'is_canceled'}),0.09889437976379932,0.37041628277075134,0.07452047910210235,0.7535360379435927,2.034295124142672,0.037888390563076794,2.554465618324995
"frozenset({'deposit_type_Non Refund', 'market_segment_Groups', 'meal_BB', 'hotel_City Hotel'})",frozenset({'is_canceled'}),0.06031493424909959,0.37041628277075134,0.060281430605578355,0.999444521594223,2.698165734287588,0.03793979686546461,1133.4080869419747
"frozenset({'reserved_room_type_A', 'assigned_room_type_A', 'market_segment_Groups', 'hotel_City Hotel'})",frozenset({'is_canceled'}),0.10833403132590669,0.37041628277075134,0.07952927380852667,0.7341116437297046,1.9818557603312552,0.039400584627214186,2.3678498978316664
"frozenset({'reserved_room_type_A', 'deposit_type_Non Refund', 'market_segment_Groups', 'hotel_City Hotel'})",frozenset({'is_canceled'}),0.06389982410587151,0.37041628277075134,0.06386632046235029,0.999475684886617,2.6982498647479467,0.04019678514734851,1200.7735446857607
"frozenset({'deposit_type_Non Refund', 'assigned_room_type_A', 'market_segment_Groups', 'hotel_City Hotel'})",frozenset({'is_canceled'}),0.06372392997738505,0.37041628277075134,0.06370717815562442,0.9997371188222921,2.6989556488828113,0.0401027968898578,2394.936460338054
"frozenset({'distribution_channel_TA/TO', 'market_segment_Offline TA/TO', 'customer_type_Transient', 'hotel_City Hotel'})",frozenset({'is_canceled'}),0.07777033252366194,0.37041628277075134,0.04324482787503141,0.5560581583198707,1.5011709370886703,0.014437430391771287,1.4181671068591881
"frozenset({'distribution_channel_TA/TO', 'market_segment_Offline TA/TO', 'assigned_room_type_A', 'hotel_City Hotel'})",frozenset({'is_canceled'}),0.11162576430186782,0.37041628277075134,0.05681380350113075,0.5089667592106251,1.374039919097244,0.01546580282698884,1.282161094057793
"frozenset({'distribution_channel_TA/TO', 'market_segment_Offline TA/TO', 'deposit_type_Non Refund', 'hotel_City Hotel'})",frozenset({'is_canceled'}),0.040623167769494935,0.37041628277075134,0.04061479185861462,0.9997938144329895,2.6991087080579463,0.025567309059065714,3053.481028559565
"frozenset({'market_segment_Offline TA/TO', 'customer_type_Transient', 'meal_BB', 'hotel_City Hotel'})",frozenset({'is_canceled'}),0.06946980484127649,0.37041628277075134,0.039693441661780716,0.5713768989631058,1.5425264102569918,0.013960694787665533,1.468851575442866
"frozenset({'reserved_room_type_A', 'market_segment_Offline TA/TO', 'customer_type_Transient', 'hotel_City Hotel'})",frozenset({'is_canceled'}),0.07113661110645783,0.37041628277075134,0.04214758354971103,0.5924879312374897,1.5995191323816003,0.015797424494748375,1.5449449611175985
"frozenset({'market_segment_Offline TA/TO', 'customer_type_Transient', 'assigned_room_type_A', 'hotel_City Hotel'})",frozenset({'is_canceled'}),0.06230840103861295,0.37041628277075134,0.04173716391657593,0.6698480978626159,1.8083656929227956,0.018657117618463694,1.9069516581711645
"frozenset({'deposit_type_Non Refund', 'market_segment_Offline TA/TO', 'customer_type_Transient', 'hotel_City Hotel'})",frozenset({'is_canceled'}),0.037172292486807944,0.37041628277075134,0.037172292486807944,1.0,2.6996653400868307,0.023403070081777416,inf
"frozenset({'market_segment_Offline TA/TO', 'assigned_room_type_A', 'meal_BB', 'hotel_City Hotel'})",frozenset({'is_canceled'}),0.08590334198844124,0.37041628277075134,0.047399279671664296,0.5517745709828393,1.489606684823652,0.01557928305472129,1.4046140099854632
"frozenset({'deposit_type_Non Refund', 'market_segment_Offline TA/TO', 'meal_BB', 'hotel_City Hotel'})",frozenset({'is_canceled'}),0.03437473825278499,0.37041628277075134,0.03436636234190468,0.9997563352826511,2.6990075268948015,0.021633399577090515,2583.811575508763
"frozenset({'reserved_room_type_A', 'market_segment_Offline TA/TO', 'assigned_room_type_A', 'hotel_City Hotel'})",frozenset({'is_canceled'}),0.11287377502303375,0.37041628277075134,0.05764301867828126,0.5106856634016028,1.3786803851645568,0.01583273451194702,1.2866651764302934
"frozenset({'reserved_room_type_A', 'deposit_type_Non Refund', 'market_segment_Offline TA/TO', 'hotel_City Hotel'})",frozenset({'is_canceled'}),0.04053103274981154,0.37041628277075134,0.040522656838931234,0.9997933457325894,2.699107442723721,0.02550930235088646,3046.555607672335
"frozenset({'deposit_type_Non Refund', 'market_segment_Offline TA/TO', 'assigned_room_type_A', 'hotel_City Hotel'})",frozenset({'is_canceled'}),0.04043052181924784,0.37041628277075134,0.040422145908367534,0.9997928319867413,2.6991060557818614,0.025446022305599995,3039.000603066252
"frozenset({'distribution_channel_TA/TO', 'customer_type_Transient', 'meal_BB', 'hotel_City Hotel'})",frozenset({'is_canceled'}),0.32548789680877793,0.37041628277075134,0.16958706759360082,0.5210241893978385,1.4065909454641807,0.0490210507708234,1.314437395988213
"frozenset({'distribution_channel_TA/TO', 'meal_HB', 'customer_type_Transient', 'hotel_City Hotel'})",frozenset({'is_canceled'}),0.020931401289890277,0.37041628277075134,0.011818410252114917,0.564625850340136,1.5243008382803191,0.0040650783931308505,1.4460751005109305
"frozenset({'reserved_room_type_A', 'distribution_channel_TA/TO', 'customer_type_Transient', 'hotel_City Hotel'})",frozenset({'is_canceled'}),0.32150933914063157,0.37041628277075134,0.1710947315520563,0.5321610003907776,1.4366566081009167,0.05200243727150272,1.3457273073752483
"frozenset({'distribution_channel_TA/TO', 'assigned_room_type_A', 'customer_type_Transient', 'hotel_City Hotel'})",frozenset({'is_canceled'}),0.30084596699891114,0.37041628277075134,0.16969595443504482,0.5640625870037307,1.522780215773684,0.05825770965273602,1.4442066646723817
"frozenset({'distribution_channel_TA/TO', 'customer_type_Transient', 'deposit_type_Non Refund', 'hotel_City Hotel'})",frozenset({'is_canceled'}),0.09135605997152191,0.37041628277075134,0.09135605997152191,1.0,2.6996653400868307,0.05751628782828893,inf
"frozenset({'distribution_channel_TA/TO', 'assigned_room_type_A', 'meal_BB', 'hotel_City Hotel'})",frozenset({'is_canceled'}),0.30361001758941286,0.37041628277075134,0.16354803584889857,0.538677996027367,1.4542503153425141,0.05108594172146583,1.3647381044208708
"frozenset({'distribution_channel_TA/TO', 'deposit_type_Non Refund', 'meal_BB', 'hotel_City Hotel'})",frozenset({'is_canceled'}),0.0940949828293827,0.37041628277075134,0.09406985509674178,0.999732953533915,2.6989444039981483,0.05921554132970416,2357.581159785359
"frozenset({'distribution_channel_TA/TO', 'meal_HB', 'deposit_type_Non Refund', 'hotel_City Hotel'})",frozenset({'is_canceled'}),0.010134852165172962,0.37041628277075134,0.010134852165172962,1.0,2.6996653400868307,0.0063807378997184925,inf
"frozenset({'reserved_room_type_A', 'distribution_channel_TA/TO', 'assigned_room_type_A', 'hotel_City Hotel'})",frozenset({'is_canceled'}),0.419809029231929,0.37041628277075134,0.2129407823100762,0.5072324973563975,1.3693579924787513,0.05743668222838738,1.2776486149180974
"frozenset({'reserved_room_type_A', 'distribution_channel_TA/TO', 'deposit_type_Non Refund', 'hotel_City Hotel'})",frozenset({'is_canceled'}),0.10385291900494178,0.37041628277075134,0.10384454309406148,0.9999193483345431,2.6994476075809763,0.06537573088135903,7806.2085099247515
"frozenset({'distribution_channel_TA/TO', 'assigned_room_type_A', 'deposit_type_Non Refund', 'hotel_City Hotel'})",frozenset({'is_canceled'}),0.10361001758941285,0.37041628277075134,0.10360164167853254,0.9999191592562652,2.6994470971329028,0.06522280410525008,7787.950582127727
"frozenset({'reserved_room_type_A', 'customer_type_Transient', 'meal_BB', 'hotel_City Hotel'})",frozenset({'is_canceled'}),0.27437808861713714,0.37041628277075134,0.1392578942960047,0.5075401428658648,1.3701885323976934,0.03762378263670095,1.2784467771507393
"frozenset({'assigned_room_type_A', 'customer_type_Transient', 'meal_BB', 'hotel_City Hotel'})",frozenset({'is_canceled'}),0.25284362174386465,0.37041628277075134,0.13779210989195076,0.5449696889389473,1.4712357806263774,0.0441347154032945,1.3836083046009997
"frozenset({'deposit_type_Non Refund', 'customer_type_Transient', 'meal_BB', 'hotel_City Hotel'})",frozenset({'is_canceled'}),0.08827372476756848,0.37041628277075134,0.08827372476756848,1.0,2.6996653400868307,0.055575699772837356,inf
"frozenset({'reserved_room_type_A', 'assigned_room_type_A', 'customer_type_Transient', 'hotel_City Hotel'})",frozenset({'is_canceled'}),0.34203869670826703,0.37041628277075134,0.17900996733394756,0.5233617396414928,1.412901548837686,0.052313264735518866,1.3208837174667898
"frozenset({'reserved_room_type_A', 'deposit_type_Non Refund', 'customer_type_Transient', 'hotel_City Hotel'})",frozenset({'is_canceled'}),0.09407823100762208,0.37041628277075134,0.09407823100762208,1.0,2.6996653400868307,0.05923012238813068,inf
"frozenset({'deposit_type_Non Refund', 'assigned_room_type_A', 'customer_type_Transient', 'hotel_City Hotel'})",frozenset({'is_canceled'}),0.09381857777033252,0.37041628277075134,0.09381857777033252,1.0,2.6996653400868307,0.0590666489378073,inf
"frozenset({'reserved_room_type_A', 'deposit_type_Non Refund', 'meal_BB', 'hotel_City Hotel'})",frozenset({'is_canceled'}),0.09688416115252534,0.37041628277075134,0.09680877795460256,0.9992219244402178,2.697564796466118,0.0609213071211217,809.1549841322861
"frozenset({'deposit_type_Non Refund', 'assigned_room_type_A', 'meal_BB', 'hotel_City Hotel'})",frozenset({'is_canceled'}),0.09659100427171455,0.37041628277075134,0.0965407488064327,0.9994797086368366,2.6982607275269515,0.06076186805501043,1210.0599045144338
"frozenset({'reserved_room_type_A', 'deposit_type_Non Refund', 'meal_HB', 'hotel_City Hotel'})",frozenset({'is_canceled'}),0.010084596699891113,0.37041628277075134,0.010084596699891113,1.0,2.6996653400868307,0.006349097877075261,inf
"frozenset({'deposit_type_Non Refund', 'meal_HB', 'assigned_room_type_A', 'hotel_City Hotel'})",frozenset({'is_canceled'}),0.010084596699891113,0.37041628277075134,0.010084596699891113,1.0,2.6996653400868307,0.006349097877075261,inf
"frozenset({'reserved_room_type_A', 'deposit_type_Non Refund', 'assigned_room_type_A', 'hotel_City Hotel'})",frozenset({'is_canceled'}),0.1067258564368875,0.37041628277075134,0.10667560097160567,0.9995291163082719,2.6983941117050603,0.06714260595472893,1337.0259541559794
"frozenset({'reserved_room_type_A', 'distribution_channel_TA/TO', 'market_segment_Groups', 'hotel_Resort Hotel'})",frozenset({'is_canceled'}),0.025429265432615797,0.37041628277075134,0.012940782310076221,0.5088932806324111,1.373841551526401,0.0035213683349359162,1.2819692592273637
"frozenset({'distribution_channel_TA/TO', 'assigned_room_type_A', 'market_segment_Groups', 'hotel_Resort Hotel'})",frozenset({'is_canceled'}),0.021542842784152777,0.37041628277075134,0.01242147583549711,0.5765940902021773,1.5566110806177178,0.004441656091076536,1.4869507077260127
"frozenset({'reserved_room_type_A', 'market_segment_Groups', 'customer_type_Transient', 'hotel_Resort Hotel'})",frozenset({'is_canceled'}),0.011500125638663204,0.37041628277075134,0.010361001758941285,0.9009468317552805,2.432254934950772,0.006101167968471048,6.356017968792345
"frozenset({'assigned_room_type_A', 'market_segment_Groups', 'customer_type_Transient', 'hotel_Resort Hotel'})",frozenset({'is_canceled'}),0.010888684144400704,0.37041628277075134,0.010134852165172962,0.9307692307692307,2.5127654319269728,0.006101506260139234,9.093987026644692
"frozenset({'deposit_type_Non Refund', 'market_segment_Groups', 'customer_type_Transient', 'hotel_Resort Hotel'})",frozenset({'is_canceled'}),0.01195242482619985,0.37041628277075134,0.01195242482619985,1.0,2.6996653400868307,0.0075250520519820575,inf
"frozenset({'reserved_room_type_A', 'assigned_room_type_A', 'market_segment_Groups', 'hotel_Resort Hotel'})",frozenset({'is_canceled'}),0.03280844291816735,0.37041628277075134,0.016919339978222633,0.5157007914220068,1.3922195524573395,0.0047665585089787035,1.2999891514955022
"frozenset({'reserved_room_type_A', 'deposit_type_Non Refund', 'market_segment_Groups', 'hotel_Resort Hotel'})",frozenset({'is_canceled'}),0.010930563698802244,0.37041628277075134,0.010453136778624675,0.9563218390804598,2.581748922933613,0.006404278004725434,14.414153526038056
"frozenset({'deposit_type_Non Refund', 'assigned_room_type_A', 'market_segment_Groups', 'hotel_Resort Hotel'})",frozenset({'is_canceled'}),0.010654158639752073,0.37041628277075134,0.010243739006616969,0.9614779874213836,2.5956687978979507,0.006297265167230122,16.34347935337965
"frozenset({'reserved_room_type_A', 'deposit_type_Non Refund', 'customer_type_Transient', 'hotel_Resort Hotel'})",frozenset({'is_canceled'}),0.01161738839098752,0.37041628277075134,0.01161738839098752,1.0,2.6996653400868307,0.007314118567693843,inf
"frozenset({'deposit_type_Non Refund', 'assigned_room_type_A', 'customer_type_Transient', 'hotel_Resort Hotel'})",frozenset({'is_canceled'}),0.011273976044894883,0.37041628277075134,0.011273976044894883,1.0,2.6996653400868307,0.007097911746298423,inf
"frozenset({'reserved_room_type_A', 'deposit_type_Non Refund', 'assigned_room_type_A', 'hotel_Resort Hotel'})",frozenset({'is_canceled'}),0.012011056202362006,0.37041628277075134,0.01151687746042382,0.9588563458856346,2.5885912431097573,0.007067786669794309,15.302085601809209
"frozenset({'distribution_channel_TA/TO', 'market_segment_Groups', 'meal_BB', 'customer_type_Transient'})",frozenset({'is_canceled'}),0.05467794622665215,0.37041628277075134,0.053831979227741016,0.9845281862745098,2.657896620823845,0.0335783776369255,40.692302040322055
"frozenset({'reserved_room_type_A', 'distribution_channel_TA/TO', 'market_segment_Groups', 'customer_type_Transient'})",frozenset({'is_canceled'}),0.06211575508836586,0.37041628277075134,0.0611357735153698,0.9842233009708738,2.6570735325369172,0.03812708641403893,39.905921768992535
"frozenset({'distribution_channel_TA/TO', 'assigned_room_type_A', 'market_segment_Groups', 'customer_type_Transient'})",frozenset({'is_canceled'}),0.06141217857441997,0.37041628277075134,0.060775609347516545,0.9896344789961812,2.671681902300879,0.03802753844312632,60.73826072006415
"frozenset({'distribution_channel_TA/TO', 'market_segment_Groups', 'deposit_type_Non Refund', 'customer_type_Transient'})",frozenset({'is_canceled'}),0.061562944970265515,0.37041628277075134,0.061562944970265515,1.0,2.6996653400868307,0.038759027737959445,inf
"frozenset({'reserved_room_type_A', 'distribution_channel_TA/TO', 'market_segment_Groups', 'meal_BB'})",frozenset({'is_canceled'}),0.11018510763045482,0.37041628277075134,0.0781304966915152,0.7090839984796655,1.9142894939057358,0.03731613870634698,2.1641426182782246
"frozenset({'distribution_channel_TA/TO', 'assigned_room_type_A', 'market_segment_Groups', 'meal_BB'})",frozenset({'is_canceled'}),0.1027556746796214,0.37041628277075134,0.07743529608844962,0.7535865666775351,2.0344315348143747,0.03937292104002365,2.5549894287027537
"frozenset({'distribution_channel_TA/TO', 'market_segment_Groups', 'deposit_type_Non Refund', 'meal_BB'})",frozenset({'is_canceled'}),0.062099003266605245,0.37041628277075134,0.062099003266605245,1.0,2.6996653400868307,0.039096521312820584,inf
"frozenset({'reserved_room_type_A', 'distribution_channel_TA/TO', 'assigned_room_type_A', 'market_segment_Groups'})",frozenset({'is_canceled'}),0.12692017756931065,0.37041628277075134,0.09045146159644861,0.7126641589124266,1.9239547289380112,0.04343816121262087,2.191107502796235
"frozenset({'reserved_room_type_A', 'distribution_channel_TA/TO', 'market_segment_Groups', 'deposit_type_Non Refund'})",frozenset({'is_canceled'}),0.07033252366194824,0.37041628277075134,0.06993885585057374,0.9944027628915088,2.6845546730647887,0.04388654387782896,112.48115901221036
"frozenset({'distribution_channel_TA/TO', 'assigned_room_type_A', 'market_segment_Groups', 'deposit_type_Non Refund'})",frozenset({'is_canceled'}),0.06995560767233437,0.37041628277075134,0.06958706759360081,0.9947318007662835,2.6854429652108944,0.04367437144064566,119.50643650678855
"frozenset({'reserved_room_type_A', 'market_segment_Groups', 'meal_BB', 'customer_type_Transient'})",frozenset({'is_canceled'}),0.05804506240053606,0.37041628277075134,0.05576681464109222,0.9607503607503608,2.593704449393668,0.03426597839348935,16.04049691323051
"frozenset({'assigned_room_type_A', 'market_segment_Groups', 'meal_BB', 'customer_type_Transient'})",frozenset({'is_canceled'}),0.05698969762961722,0.37041628277075134,0.055507161403802664,0.9739858906525574,2.6294359507283107,0.034397249451610754,24.20162492671082
"frozenset({'deposit_type_Non Refund', 'market_segment_Groups', 'meal_BB', 'customer_type_Transient'})",frozenset({'is_canceled'}),0.05640338386799564,0.37041628277075134,0.05640338386799564,1.0,2.6996653400868307,0.035510652079920935,inf
"frozenset({'reserved_room_type_A', 'assigned_room_type_A', 'market_segment_Groups', 'customer_type_Transient'})",frozenset({'is_canceled'}),0.06689002429014156,0.37041628277075134,0.06516458664879805,0.974204858502379,2.630027090643068,0.040387432496798555,24.407065853362887
"frozenset({'reserved_room_type_A', 'deposit_type_Non Refund', 'market_segment_Groups', 'customer_type_Transient'})",frozenset({'is_canceled'}),0.06473741519390233,0.37041628277075134,0.06473741519390233,1.0,2.6996653400868307,0.04075762250159027,inf
"frozenset({'deposit_type_Non Refund', 'assigned_room_type_A', 'market_segment_Groups', 'customer_type_Transient'})",frozenset({'is_canceled'}),0.06436887511516877,0.37041628277075134,0.06436887511516877,1.0,2.6996653400868307,0.04052559566887323,inf
"frozenset({'reserved_room_type_A', 'assigned_room_type_A', 'market_segment_Groups', 'meal_BB'})",frozenset({'is_canceled'}),0.11283189546863222,0.37041628277075134,0.08153111650892035,0.7225892658303021,1.9507491960808558,0.039736345211451626,2.269500201978916
"frozenset({'reserved_room_type_A', 'deposit_type_Non Refund', 'market_segment_Groups', 'meal_BB'})",frozenset({'is_canceled'}),0.06411759778875953,0.37041628277075134,0.06400033503643521,0.9981711299804049,2.694728003083406,0.040250132803332755,344.2473825278405
"frozenset({'deposit_type_Non Refund', 'assigned_room_type_A', 'market_segment_Groups', 'meal_BB'})",frozenset({'is_canceled'}),0.06381606499706843,0.37041628277075134,0.06375743362090627,0.9990812442577766,2.697185007053544,0.040118924043635526,685.2569059384807
"frozenset({'reserved_room_type_A', 'deposit_type_Non Refund', 'assigned_room_type_A', 'market_segment_Groups'})",frozenset({'is_canceled'}),0.07437808861713711,0.37041628277075134,0.07395091716224139,0.9942567567567567,2.684160505363359,0.04640006205708793,109.621635470504
"frozenset({'distribution_channel_TA/TO', 'market_segment_Offline TA/TO', 'customer_type_Transient', 'assigned_room_type_A'})",frozenset({'is_canceled'}),0.07983918251109808,0.37041628277075134,0.04609263757433621,0.5773185060847672,1.558566761067754,0.01651890436911968,1.4894991294686521
"frozenset({'distribution_channel_TA/TO', 'market_segment_Offline TA/TO', 'customer_type_Transient', 'deposit_type_Non Refund'})",frozenset({'is_canceled'}),0.0383532959209314,0.37041628277075134,0.0383532959209314,1.0,2.6996653400868307,0.024146610613893373,inf
"frozenset({'distribution_channel_TA/TO', 'market_segment_Offline TA/TO', 'deposit_type_Non Refund', 'meal_BB'})",frozenset({'is_canceled'}),0.03520395342993551,0.37041628277075134,0.03517882569729458,0.9992862241256245,2.697738384098189,0.022138708128943228,882.0467878381249
"frozenset({'reserved_room_type_A', 'distribution_channel_TA/TO', 'market_segment_Offline TA/TO', 'deposit_type_Non Refund'})",frozenset({'is_canceled'}),0.04166178071865315,0.37041628277075134,0.041636652986012226,0.9993968636911942,2.6980370738985995,0.026204451038598565,1043.8498031660454
"frozenset({'deposit_type_Non Refund', 'distribution_channel_TA/TO', 'market_segment_Offline TA/TO', 'assigned_room_type_A'})",frozenset({'is_canceled'}),0.041552893877209146,0.37041628277075134,0.04152776614456822,0.9993952832090304,2.6980328071256814,0.026135897656204894,1041.1216070579878
"frozenset({'reserved_room_type_A', 'market_segment_Offline TA/TO', 'customer_type_Transient', 'meal_BB'})",frozenset({'is_canceled'}),0.07924449283859619,0.37041628277075134,0.041125722422313424,0.5189726244583025,1.4010524067039782,0.011772271954987198,1.3088313664482358
"frozenset({'market_segment_Offline TA/TO', 'customer_type_Transient', 'assigned_room_type_A', 'meal_BB'})",frozenset({'is_canceled'}),0.06672250607253538,0.37041628277075134,0.04054778457157216,0.6077077579713784,1.6406075710972068,0.01583268189503472,1.6048844452634228
"frozenset({'deposit_type_Non Refund', 'market_segment_Offline TA/TO', 'customer_type_Transient', 'meal_BB'})",frozenset({'is_canceled'}),0.03518720160817489,0.37041628277075134,0.03518720160817489,1.0,2.6996653400868307,0.02215328918736974,inf
"frozenset({'reserved_room_type_A', 'market_segment_Offline TA/TO', 'customer_type_Transient', 'assigned_room_type_A'})",frozenset({'is_canceled'}),0.07993969344166178,0.37041628277075134,0.04612614121785744,0.5770117351215424,1.5577385821309908,0.016515177127363674,1.4884188747178473
"frozenset({'reserved_room_type_A', 'deposit_type_Non Refund', 'market_segment_Offline TA/TO', 'customer_type_Transient'})",frozenset({'is_canceled'}),0.03812714632716308,0.37041628277075134,0.03812714632716308,1.0,2.6996653400868307,0.024004230511998827,inf
"frozenset({'deposit_type_Non Refund', 'market_segment_Offline TA/TO', 'customer_type_Transient', 'assigned_room_type_A'})",frozenset({'is_canceled'}),0.038018259485719075,0.37041628277075134,0.038018259485719075,1.0,2.6996653400868307,0.02393567712960516,inf
"frozenset({'reserved_room_type_A', 'deposit_type_Non Refund', 'market_segment_Offline TA/TO', 'meal_BB'})",frozenset({'is_canceled'}),0.03502805930144903,0.37041628277075134,0.035002931568808106,0.9992826398852224,2.6977287078486047,0.022027968049691912,877.6397018175559
"frozenset({'deposit_type_Non Refund', 'market_segment_Offline TA/TO', 'assigned_room_type_A', 'meal_BB'})",frozenset({'is_canceled'}),0.034919172460005025,0.37041628277075134,0.0348940447273641,0.9992804029743343,2.697722668937811,0.021959414667298244,874.9115057094809
"frozenset({'reserved_room_type_A', 'deposit_type_Non Refund', 'market_segment_Offline TA/TO', 'assigned_room_type_A'})",frozenset({'is_canceled'}),0.041552893877209146,0.37041628277075134,0.04152776614456822,0.9993952832090304,2.6980328071256814,0.026135897656204894,1041.1216070579878
"frozenset({'reserved_room_type_A', 'distribution_channel_TA/TO', 'customer_type_Transient', 'meal_BB'})",frozenset({'is_canceled'}),0.30574587486389143,0.37041628277075134,0.1549543512857023,0.5068076596444128,1.3682110728325443,0.04170110084612835,1.2765480436604602
"frozenset({'distribution_channel_TA/TO', 'assigned_room_type_A', 'customer_type_Transient', 'meal_BB'})",frozenset({'is_canceled'}),0.27037440321634976,0.37041628277075134,0.15286874947650558,0.5653965303593558,1.5263814164165042,0.05271766808074503,1.4486394177888768
"frozenset({'distribution_channel_TA/TO', 'customer_type_Transient', 'deposit_type_Non Refund', 'meal_BB'})",frozenset({'is_canceled'}),0.08927045816232515,0.37041628277075134,0.08927045816232515,1.0,2.6996653400868307,0.05620322688859479,inf
"frozenset({'reserved_room_type_A', 'distribution_channel_TA/TO', 'meal_HB', 'customer_type_Transient'})",frozenset({'is_canceled'}),0.03201273138453807,0.37041628277075134,0.01674344584973616,0.5230245944531658,1.4119913696581825,0.0048854088889369995,1.319950064317163
"frozenset({'distribution_channel_TA/TO', 'meal_HB', 'customer_type_Transient', 'assigned_room_type_A'})",frozenset({'is_canceled'}),0.028277075131920595,0.37041628277075134,0.016550799899489068,0.5853080568720379,1.580135874411012,0.006076510841493788,1.5181961638328167
"frozenset({'reserved_room_type_A', 'distribution_channel_TA/TO', 'assigned_room_type_A', 'customer_type_Transient'})",frozenset({'is_canceled'}),0.3753664461010135,0.37041628277075134,0.20398693357902672,0.5434341180408345,1.4670902530954963,0.06494508993742171,1.378954806100815
"frozenset({'reserved_room_type_A', 'distribution_channel_TA/TO', 'customer_type_Transient', 'deposit_type_Non Refund'})",frozenset({'is_canceled'}),0.09943881397101935,0.37041628277075134,0.09943881397101935,1.0,2.6996653400868307,0.06260505813674211,inf
"frozenset({'distribution_channel_TA/TO', 'assigned_room_type_A', 'customer_type_Transient', 'deposit_type_Non Refund'})",frozenset({'is_canceled'}),0.0989781388726024,0.37041628277075134,0.0989781388726024,1.0,2.6996653400868307,0.062315024595845814,inf
"frozenset({'reserved_room_type_A', 'distribution_channel_TA/TO', 'assigned_room_type_A', 'meal_BB'})",frozenset({'is_canceled'}),0.37468799731970853,0.37041628277075134,0.19079487394254124,0.5092099968703894,1.3746965793767136,0.05200433877655758,1.2827965386715194
"frozenset({'reserved_room_type_A', 'distribution_channel_TA/TO', 'deposit_type_Non Refund', 'meal_BB'})",frozenset({'is_canceled'}),0.09690091297428595,0.37041628277075134,0.09687578524164503,0.9997406863168814,2.698965279924305,0.06098210926061796,2427.8846748757965
"frozenset({'distribution_channel_TA/TO', 'assigned_room_type_A', 'deposit_type_Non Refund', 'meal_BB'})",frozenset({'is_canceled'}),0.09656587653907363,0.37041628277075134,0.0965407488064327,0.9997397866250324,2.6989628510574035,0.06077117577632973,2419.4902253106234
"frozenset({'reserved_room_type_A', 'distribution_channel_TA/TO', 'meal_HB', 'deposit_type_Non Refund'})",frozenset({'is_canceled'}),0.013141804171203619,0.37041628277075134,0.012748136359829132,0.9700446144040791,2.6187958238445868,0.007880198109830733,21.0173798368658
"frozenset({'deposit_type_Non Refund', 'distribution_channel_TA/TO', 'meal_HB', 'assigned_room_type_A'})",frozenset({'is_canceled'}),0.013049669151520229,0.37041628277075134,0.012681129072786665,0.9717586649550705,2.623423186708255,0.007847319134292399,22.292987078253738
"frozenset({'reserved_room_type_A', 'distribution_channel_TA/TO', 'assigned_room_type_A', 'deposit_type_Non Refund'})",frozenset({'is_canceled'}),0.11237959628109558,0.37041628277075134,0.11198592846972108,0.9964969814414548,2.690208362298645,0.0703586961559999,179.72605817158956
"frozenset({'reserved_room_type_A', 'assigned_room_type_A', 'customer_type_Transient', 'meal_BB'})",frozenset({'is_canceled'}),0.32740598040036856,0.37041628277075134,0.16587653907362426,0.5066386963084244,1.367754928370631,0.044600032856806276,1.2761108593608557
"frozenset({'reserved_room_type_A', 'deposit_type_Non Refund', 'customer_type_Transient', 'meal_BB'})",frozenset({'is_canceled'}),0.09271295753413183,0.37041628277075134,0.09271295753413183,1.0,2.6996653400868307,0.0583705684396562,inf
"frozenset({'deposit_type_Non Refund', 'assigned_room_type_A', 'customer_type_Transient', 'meal_BB'})",frozenset({'is_canceled'}),0.09223553061395427,0.37041628277075134,0.09223553061395427,1.0,2.6996653400868307,0.058069988224545496,inf
"frozenset({'reserved_room_type_A', 'meal_HB', 'customer_type_Transient', 'assigned_room_type_A'})",frozenset({'is_canceled'}),0.03129240304883156,0.37041628277075134,0.017564285116006367,0.5612955032119915,1.5153100155680097,0.0059730694996940545,1.4350974786872932
"frozenset({'reserved_room_type_A', 'deposit_type_Non Refund', 'assigned_room_type_A', 'customer_type_Transient'})",frozenset({'is_canceled'}),0.1050925538152274,0.37041628277075134,0.1050925538152274,1.0,2.6996653400868307,0.06616456068410573,inf
"frozenset({'reserved_room_type_A', 'deposit_type_Non Refund', 'assigned_room_type_A', 'meal_BB'})",frozenset({'is_canceled'}),0.10144065667141301,0.37041628277075134,0.1013150180082084,0.9987614565271242,2.6963216872009172,0.06373974704215957,508.3258932909459
"frozenset({'reserved_room_type_A', 'deposit_type_Non Refund', 'meal_HB', 'assigned_room_type_A'})",frozenset({'is_canceled'}),0.013602479269620571,0.37041628277075134,0.01323393919088701,0.9729064039408867,2.6265216978677293,0.008195359383367953,23.237362654097705
"frozenset({'distribution_channel_TA/TO', 'meal_BB', 'hotel_City Hotel', 'market_segment_Groups', 'customer_type_Transient'})",frozenset({'is_canceled'}),0.05134433369628947,0.37041628277075134,0.05073289220202697,0.9880913539967374,2.667515981224459,0.031714114972906396,52.86778337829198
"frozenset({'distribution_channel_TA/TO', 'hotel_City Hotel', 'market_segment_Groups', 'reserved_room_type_A', 'customer_type_Transient'})",frozenset({'is_canceled'}),0.0545271798308066,0.37041628277075134,0.05390736242566379,0.9886328725038402,2.6689778999691,0.033709607162764124,55.38635134003254
"frozenset({'assigned_room_type_A', 'distribution_channel_TA/TO', 'hotel_City Hotel', 'market_segment_Groups', 'customer_type_Transient'})",frozenset({'is_canceled'}),0.05415863975207304,0.37041628277075134,0.05375659602981824,0.9925765542839468,2.6796245209831855,0.0336953540129351,84.8101732417562
"frozenset({'distribution_channel_TA/TO', 'hotel_City Hotel', 'deposit_type_Non Refund', 'market_segment_Groups', 'customer_type_Transient'})",frozenset({'is_canceled'}),0.05348856688164838,0.37041628277075134,0.05348856688164838,1.0,2.6996653400868307,0.03367553076661347,inf
"frozenset({'distribution_channel_TA/TO', 'meal_BB', 'hotel_City Hotel', 'market_segment_Groups', 'reserved_room_type_A'})",frozenset({'is_canceled'}),0.10216098500711952,0.37041628277075134,0.07359075299438814,0.7203410674756088,1.94467981290505,0.03574866068385246,2.251255525958706
"frozenset({'assigned_room_type_A', 'distribution_channel_TA/TO', 'meal_BB', 'hotel_City Hotel', 'market_segment_Groups'})",frozenset({'is_canceled'}),0.09594605913393081,0.37041628277075134,0.07302119105452717,0.7610650371017023,2.054620902215363,0.03748120848363383,2.634958524245905
"frozenset({'distribution_channel_TA/TO', 'meal_BB', 'hotel_City Hotel', 'deposit_type_Non Refund', 'market_segment_Groups'})",frozenset({'is_canceled'}),0.0590082921517715,0.37041628277075134,0.0590082921517715,1.0,2.6996653400868307,0.0371506599202618,inf
"frozenset({'assigned_room_type_A', 'distribution_channel_TA/TO', 'hotel_City Hotel', 'market_segment_Groups', 'reserved_room_type_A'})",frozenset({'is_canceled'}),0.10538571069603819,0.37041628277075134,0.0780299857609515,0.7404228262597362,1.998893841062543,0.03899340254777123,2.425420186827437
"frozenset({'distribution_channel_TA/TO', 'hotel_City Hotel', 'deposit_type_Non Refund', 'market_segment_Groups', 'reserved_room_type_A'})",frozenset({'is_canceled'}),0.06259318200854343,0.37041628277075134,0.06259318200854343,1.0,2.6996653400868307,0.0394076482021457,inf
"frozenset({'assigned_room_type_A', 'distribution_channel_TA/TO', 'hotel_City Hotel', 'deposit_type_Non Refund', 'market_segment_Groups'})",frozenset({'is_canceled'}),0.062450791523578186,0.37041628277075134,0.062450791523578186,1.0,2.6996653400868307,0.03931800147132321,inf
"frozenset({'meal_BB', 'hotel_City Hotel', 'market_segment_Groups', 'reserved_room_type_A', 'customer_type_Transient'})",frozenset({'is_canceled'}),0.05323728955523913,0.37041628277075134,0.05175475332942457,0.9721522970421648,2.624485861610529,0.032034794427582745,22.608102297791458
"frozenset({'assigned_room_type_A', 'meal_BB', 'hotel_City Hotel', 'market_segment_Groups', 'customer_type_Transient'})",frozenset({'is_canceled'}),0.052550464863053856,0.37041628277075134,0.05159561102269872,0.9818297736691106,2.6506118098397953,0.03213006317025133,34.649195104353566
"frozenset({'meal_BB', 'hotel_City Hotel', 'deposit_type_Non Refund', 'market_segment_Groups', 'customer_type_Transient'})",frozenset({'is_canceled'}),0.051327581874528856,0.37041628277075134,0.051327581874528856,1.0,2.6996653400868307,0.032315009792954486,inf
"frozenset({'assigned_room_type_A', 'hotel_City Hotel', 'market_segment_Groups', 'reserved_room_type_A', 'customer_type_Transient'})",frozenset({'is_canceled'}),0.05600971605662116,0.37041628277075134,0.055029734483625095,0.9825033647375504,2.6524302803006545,0.03428282366288622,35.98313091548691
"frozenset({'hotel_City Hotel', 'deposit_type_Non Refund', 'market_segment_Groups', 'reserved_room_type_A', 'customer_type_Transient'})",frozenset({'is_canceled'}),0.054493676187285366,0.37041628277075134,0.054493676187285366,1.0,2.6996653400868307,0.034308331219478114,inf
"frozenset({'assigned_room_type_A', 'hotel_City Hotel', 'deposit_type_Non Refund', 'market_segment_Groups', 'customer_type_Transient'})",frozenset({'is_canceled'}),0.05433453388055951,0.37041628277075134,0.05433453388055951,1.0,2.6996653400868307,0.03420813781444121,inf
"frozenset({'assigned_room_type_A', 'meal_BB', 'hotel_City Hotel', 'market_segment_Groups', 'reserved_room_type_A'})",frozenset({'is_canceled'}),0.098886003852919,0.37041628277075134,0.07452047910210235,0.7535998644756904,2.0344674344191542,0.037891493136849905,2.555127317156587
"frozenset({'meal_BB', 'hotel_City Hotel', 'deposit_type_Non Refund', 'market_segment_Groups', 'reserved_room_type_A'})",frozenset({'is_canceled'}),0.060055281011810034,0.37041628277075134,0.0600217773682888,0.999442119944212,2.698159250636294,0.03777632341514124,1128.5288131333355
"frozenset({'assigned_room_type_A', 'meal_BB', 'hotel_City Hotel', 'deposit_type_Non Refund', 'market_segment_Groups'})",frozenset({'is_canceled'}),0.05987938688332356,0.37041628277075134,0.05986263506156295,0.99972024059309,2.698910083312432,0.03768233515765055,2250.4469972359943
"frozenset({'assigned_room_type_A', 'hotel_City Hotel', 'deposit_type_Non Refund', 'market_segment_Groups', 'reserved_room_type_A'})",frozenset({'is_canceled'}),0.06372392997738505,0.37041628277075134,0.06370717815562442,0.9997371188222921,2.6989556488828113,0.0401027968898578,2394.936460338054
"frozenset({'market_segment_Offline TA/TO', 'distribution_channel_TA/TO', 'meal_BB', 'hotel_City Hotel', 'customer_type_Transient'})",frozenset({'is_canceled'}),0.06919339978222631,0.37041628277075134,0.03961805846385794,0.5725699067909454,1.5457471321402625,0.013987696524255157,1.4729513135176504
"frozenset({'market_segment_Offline TA/TO', 'distribution_channel_TA/TO', 'hotel_City Hotel', 'reserved_room_type_A', 'customer_type_Transient'})",frozenset({'is_canceled'}),0.07083507831476674,0.37041628277075134,0.04212245581707011,0.5946553151235663,1.605370343537504,0.015883989417939157,1.5532058041446197
"frozenset({'market_segment_Offline TA/TO', 'assigned_room_type_A', 'distribution_channel_TA/TO', 'hotel_City Hotel', 'customer_type_Transient'})",frozenset({'is_canceled'}),0.06200686824692185,0.37041628277075134,0.041712036183935,0.6727002566527084,1.816065567152832,0.018743682541654472,1.9235692359257648
"frozenset({'market_segment_Offline TA/TO', 'distribution_channel_TA/TO', 'hotel_City Hotel', 'deposit_type_Non Refund', 'customer_type_Transient'})",frozenset({'is_canceled'}),0.0371304129324064,0.37041628277075134,0.0371304129324064,1.0,2.6996653400868307,0.023376703396241386,inf
"frozenset({'market_segment_Offline TA/TO', 'assigned_room_type_A', 'distribution_channel_TA/TO', 'meal_BB', 'hotel_City Hotel'})",frozenset({'is_canceled'}),0.08438730211910546,0.37041628277075134,0.04657006449451378,0.5518610421836228,1.4898401281273226,0.015311633730502386,1.404885038999929
"frozenset({'market_segment_Offline TA/TO', 'distribution_channel_TA/TO', 'meal_BB', 'hotel_City Hotel', 'deposit_type_Non Refund'})",frozenset({'is_canceled'}),0.03433285869838345,0.37041628277075134,0.03432448278750314,0.999756038058063,2.699006724487883,0.021607032891554488,2580.663656923433
"frozenset({'market_segment_Offline TA/TO', 'assigned_room_type_A', 'distribution_channel_TA/TO', 'hotel_City Hotel', 'reserved_room_type_A'})",frozenset({'is_canceled'}),0.11123209649049334,0.37041628277075134,0.05679705167937013,0.5106174698795181,1.378496285476566,0.015594871972564053,1.2864858847214067
"frozenset({'market_segment_Offline TA/TO', 'distribution_channel_TA/TO', 'hotel_City Hotel', 'deposit_type_Non Refund', 'reserved_room_type_A'})",frozenset({'is_canceled'}),0.04053103274981154,0.37041628277075134,0.040522656838931234,0.9997933457325894,2.699107442723721,0.02550930235088646,3046.555607672335
"frozenset({'market_segment_Offline TA/TO', 'assigned_room_type_A', 'distribution_channel_TA/TO', 'hotel_City Hotel', 'deposit_type_Non Refund'})",frozenset({'is_canceled'}),0.04043052181924784,0.37041628277075134,0.040422145908367534,0.9997928319867413,2.6991060557818614,0.025446022305599995,3039.000603066252
"frozenset({'market_segment_Offline TA/TO', 'meal_BB', 'hotel_City Hotel', 'reserved_room_type_A', 'customer_type_Transient'})",frozenset({'is_canceled'}),0.06308736075048162,0.37041628277075134,0.038663204623502805,0.6128518321826871,1.6544948499523113,0.015294618964492007,1.6262086962176612
"frozenset({'market_segment_Offline TA/TO', 'assigned_room_type_A', 'meal_BB', 'hotel_City Hotel', 'customer_type_Transient'})",frozenset({'is_canceled'}),0.05502135857274479,0.37041628277075134,0.038269536812128316,0.6955396559598112,1.8777243018506207,0.01788872969661558,2.0678677192394668
"frozenset({'market_segment_Offline TA/TO', 'meal_BB', 'hotel_City Hotel', 'deposit_type_Non Refund', 'customer_type_Transient'})",frozenset({'is_canceled'}),0.034357986431024376,0.37041628277075134,0.034357986431024376,1.0,2.6996653400868307,0.021631228813756412,inf
"frozenset({'market_segment_Offline TA/TO', 'assigned_room_type_A', 'hotel_City Hotel', 'reserved_room_type_A', 'customer_type_Transient'})",frozenset({'is_canceled'}),0.062057123712203704,0.37041628277075134,0.04172878800569562,0.6724254285328655,1.815323623203211,0.018741818920776476,1.9219554021225809
"frozenset({'market_segment_Offline TA/TO', 'hotel_City Hotel', 'deposit_type_Non Refund', 'reserved_room_type_A', 'customer_type_Transient'})",frozenset({'is_canceled'}),0.03703827791272301,0.37041628277075134,0.03703827791272301,1.0,2.6996653400868307,0.023318696688062128,inf
"frozenset({'market_segment_Offline TA/TO', 'assigned_room_type_A', 'hotel_City Hotel', 'deposit_type_Non Refund', 'customer_type_Transient'})",frozenset({'is_canceled'}),0.03693776698215931,0.37041628277075134,0.03693776698215931,1.0,2.6996653400868307,0.023255416642775664,inf
"frozenset({'market_segment_Offline TA/TO', 'assigned_room_type_A', 'meal_BB', 'hotel_City Hotel', 'reserved_room_type_A'})",frozenset({'is_canceled'}),0.08559343328586984,0.37041628277075134,0.047382527849903676,0.5535766709071338,1.4944717515286428,0.015677326462565477,1.4102840873225981
"frozenset({'market_segment_Offline TA/TO', 'meal_BB', 'hotel_City Hotel', 'deposit_type_Non Refund', 'reserved_room_type_A'})",frozenset({'is_canceled'}),0.03429097914398191,0.37041628277075134,0.0342826032331016,0.9997557401074744,2.6990059201210057,0.021580666206018465,2577.5157383366904
"frozenset({'market_segment_Offline TA/TO', 'assigned_room_type_A', 'meal_BB', 'hotel_City Hotel', 'deposit_type_Non Refund'})",frozenset({'is_canceled'}),0.03419046821341821,0.37041628277075134,0.0341820923025379,0.9997550220480157,2.699003981600773,0.021517386160731997,2569.9607337299726
"frozenset({'market_segment_Offline TA/TO', 'assigned_room_type_A', 'hotel_City Hotel', 'deposit_type_Non Refund', 'reserved_room_type_A'})",frozenset({'is_canceled'}),0.04043052181924784,0.37041628277075134,0.040422145908367534,0.9997928319867413,2.6991060557818614,0.025446022305599995,3039.000603066252
"frozenset({'distribution_channel_TA/TO', 'meal_BB', 'hotel_City Hotel', 'reserved_room_type_A', 'customer_type_Transient'})",frozenset({'is_canceled'}),0.22795879051846887,0.37041628277075134,0.1302119105452718,0.5712081128747795,1.5420707443044481,0.04577226273650416,1.4682733888698567
"frozenset({'assigned_room_type_A', 'distribution_channel_TA/TO', 'meal_BB', 'hotel_City Hotel', 'customer_type_Transient'})",frozenset({'is_canceled'}),0.21236284445933495,0.37041628277075134,0.12910629030907111,0.6079514080618443,1.6412653448015464,0.05044363486582101,1.6058818477495345
"frozenset({'distribution_channel_TA/TO', 'meal_BB', 'hotel_City Hotel', 'deposit_type_Non Refund', 'customer_type_Transient'})",frozenset({'is_canceled'}),0.08511600636569226,0.37041628277075134,0.08511600636569226,1.0,2.6996653400868307,0.053587651683420924,inf
"frozenset({'assigned_room_type_A', 'distribution_channel_TA/TO', 'hotel_City Hotel', 'reserved_room_type_A', 'customer_type_Transient'})",frozenset({'is_canceled'}),0.2987352374570735,0.37041628277075134,0.16965407488064327,0.56790781136096,1.5331610346957538,0.058997678689156396,1.4570587800076817
"frozenset({'distribution_channel_TA/TO', 'hotel_City Hotel', 'deposit_type_Non Refund', 'reserved_room_type_A', 'customer_type_Transient'})",frozenset({'is_canceled'}),0.09099589580366865,0.37041628277075134,0.09099589580366865,1.0,2.6996653400868307,0.0572895343326791,inf
"frozenset({'assigned_room_type_A', 'distribution_channel_TA/TO', 'hotel_City Hotel', 'deposit_type_Non Refund', 'customer_type_Transient'})",frozenset({'is_canceled'}),0.0907529943881397,0.37041628277075134,0.0907529943881397,1.0,2.6996653400868307,0.057136607556570136,inf
"frozenset({'assigned_room_type_A', 'distribution_channel_TA/TO', 'meal_BB', 'hotel_City Hotel', 'reserved_room_type_A'})",frozenset({'is_canceled'}),0.3011893793450038,0.37041628277075134,0.1634810285618561,0.5427848382880502,1.4653374150508844,0.051915578254850075,1.3769965870595797
"frozenset({'distribution_channel_TA/TO', 'meal_BB', 'hotel_City Hotel', 'deposit_type_Non Refund', 'reserved_room_type_A'})",frozenset({'is_canceled'}),0.09376832230505068,0.37041628277075134,0.09375994639417036,0.9999106744082178,2.6994241908827132,0.059026633004283756,7048.189714368638
"frozenset({'assigned_room_type_A', 'distribution_channel_TA/TO', 'meal_BB', 'hotel_City Hotel', 'deposit_type_Non Refund'})",frozenset({'is_canceled'}),0.09352542088952173,0.37041628277075134,0.09351704497864143,0.9999104424144726,2.6994235645772404,0.05887370622817481,7029.93178658744
"frozenset({'meal_HB', 'distribution_channel_TA/TO', 'hotel_City Hotel', 'deposit_type_Non Refund', 'reserved_room_type_A'})",frozenset({'is_canceled'}),0.010084596699891113,0.37041628277075134,0.010084596699891113,1.0,2.6996653400868307,0.006349097877075261,inf
"frozenset({'meal_HB', 'assigned_room_type_A', 'distribution_channel_TA/TO', 'hotel_City Hotel', 'deposit_type_Non Refund'})",frozenset({'is_canceled'}),0.010084596699891113,0.37041628277075134,0.010084596699891113,1.0,2.6996653400868307,0.006349097877075261,inf
"frozenset({'assigned_room_type_A', 'distribution_channel_TA/TO', 'hotel_City Hotel', 'deposit_type_Non Refund', 'reserved_room_type_A'})",frozenset({'is_canceled'}),0.10361001758941285,0.37041628277075134,0.10360164167853254,0.9999191592562652,2.6994470971329028,0.06522280410525008,7787.950582127727
"frozenset({'assigned_room_type_A', 'meal_BB', 'hotel_City Hotel', 'reserved_room_type_A', 'customer_type_Transient'})",frozenset({'is_canceled'}),0.2501800820839266,0.37041628277075134,0.13771672669402799,0.5504703873581306,1.486085825494917,0.04504595066521845,1.4005389178461631
"frozenset({'meal_BB', 'hotel_City Hotel', 'deposit_type_Non Refund', 'reserved_room_type_A', 'customer_type_Transient'})",frozenset({'is_canceled'}),0.08783817740179245,0.37041628277075134,0.08783817740179245,1.0,2.6996653400868307,0.05530148624326268,inf
"frozenset({'assigned_room_type_A', 'meal_BB', 'hotel_City Hotel', 'deposit_type_Non Refund', 'customer_type_Transient'})",frozenset({'is_canceled'}),0.08757852416450289,0.37041628277075134,0.08757852416450289,1.0,2.6996653400868307,0.055138012792939305,inf
"frozenset({'assigned_room_type_A', 'hotel_City Hotel', 'deposit_type_Non Refund', 'reserved_room_type_A', 'customer_type_Transient'})",frozenset({'is_canceled'}),0.09381857777033252,0.37041628277075134,0.09381857777033252,1.0,2.6996653400868307,0.0590666489378073,inf
"frozenset({'assigned_room_type_A', 'meal_BB', 'hotel_City Hotel', 'deposit_type_Non Refund', 'reserved_room_type_A'})",frozenset({'is_canceled'}),0.09659100427171455,0.37041628277075134,0.0965407488064327,0.9994797086368366,2.6982607275269515,0.06076186805501043,1210.0599045144338
"frozenset({'meal_HB', 'assigned_room_type_A', 'hotel_City Hotel', 'deposit_type_Non Refund', 'reserved_room_type_A'})",frozenset({'is_canceled'}),0.010084596699891113,0.37041628277075134,0.010084596699891113,1.0,2.6996653400868307,0.006349097877075261,inf
"frozenset({'assigned_room_type_A', 'distribution_channel_TA/TO', 'hotel_Resort Hotel', 'market_segment_Groups', 'reserved_room_type_A'})",frozenset({'is_canceled'}),0.021534466873272467,0.37041628277075134,0.01242147583549711,0.5768183586153248,1.5572165302795682,0.004444758664849639,1.4877387288569839
"frozenset({'assigned_room_type_A', 'hotel_Resort Hotel', 'market_segment_Groups', 'reserved_room_type_A', 'customer_type_Transient'})",frozenset({'is_canceled'}),0.010880308233520396,0.37041628277075134,0.010134852165172962,0.9314857582755965,2.5146998164011274,0.006104608833912337,9.189092681806665
"frozenset({'hotel_Resort Hotel', 'deposit_type_Non Refund', 'market_segment_Groups', 'reserved_room_type_A', 'customer_type_Transient'})",frozenset({'is_canceled'}),0.010243739006616969,0.37041628277075134,0.010243739006616969,1.0,2.6996653400868307,0.006449291282112163,inf
"frozenset({'assigned_room_type_A', 'hotel_Resort Hotel', 'deposit_type_Non Refund', 'market_segment_Groups', 'customer_type_Transient'})",frozenset({'is_canceled'}),0.010034341234609263,0.37041628277075134,0.010034341234609263,1.0,2.6996653400868307,0.006317457854432028,inf
"frozenset({'assigned_room_type_A', 'hotel_Resort Hotel', 'deposit_type_Non Refund', 'market_segment_Groups', 'reserved_room_type_A'})",frozenset({'is_canceled'}),0.010654158639752073,0.37041628277075134,0.010243739006616969,0.9614779874213836,2.5956687978979507,0.006297265167230122,16.34347935337965
"frozenset({'assigned_room_type_A', 'hotel_Resort Hotel', 'deposit_type_Non Refund', 'reserved_room_type_A', 'customer_type_Transient'})",frozenset({'is_canceled'}),0.011273976044894883,0.37041628277075134,0.011273976044894883,1.0,2.6996653400868307,0.007097911746298423,inf
"frozenset({'distribution_channel_TA/TO', 'meal_BB', 'market_segment_Groups', 'reserved_room_type_A', 'customer_type_Transient'})",frozenset({'is_canceled'}),0.05343831141636653,0.37041628277075134,0.05272635899154033,0.9866771159874609,2.6636980118881817,0.03293193831914404,47.2558131285015
"frozenset({'assigned_room_type_A', 'distribution_channel_TA/TO', 'meal_BB', 'market_segment_Groups', 'customer_type_Transient'})",frozenset({'is_canceled'}),0.05296088449618896,0.37041628277075134,0.05250020939777201,0.9913015973430335,2.6761825639196988,0.03288263543044258,72.37923352801063
"frozenset({'distribution_channel_TA/TO', 'meal_BB', 'deposit_type_Non Refund', 'market_segment_Groups', 'customer_type_Transient'})",frozenset({'is_canceled'}),0.05315353044643605,0.37041628277075134,0.05315353044643605,1.0,2.6996653400868307,0.03346459728232526,inf
"frozenset({'assigned_room_type_A', 'distribution_channel_TA/TO', 'market_segment_Groups', 'reserved_room_type_A', 'customer_type_Transient'})",frozenset({'is_canceled'}),0.06141217857441997,0.37041628277075134,0.060775609347516545,0.9896344789961812,2.671681902300879,0.03802753844312632,60.73826072006415
"frozenset({'distribution_channel_TA/TO', 'deposit_type_Non Refund', 'market_segment_Groups', 'reserved_room_type_A', 'customer_type_Transient'})",frozenset({'is_canceled'}),0.06044894882318452,0.37041628277075134,0.06044894882318452,1.0,2.6996653400868307,0.03805767390270113,inf
"frozenset({'assigned_room_type_A', 'distribution_channel_TA/TO', 'deposit_type_Non Refund', 'market_segment_Groups', 'customer_type_Transient'})",frozenset({'is_canceled'}),0.060097160566211574,0.37041628277075134,0.060097160566211574,1.0,2.6996653400868307,0.0378361937441985,inf
"frozenset({'assigned_room_type_A', 'distribution_channel_TA/TO', 'meal_BB', 'market_segment_Groups', 'reserved_room_type_A'})",frozenset({'is_canceled'}),0.1027472987687411,0.37041628277075134,0.07743529608844962,0.7536479986956877,2.034597380704553,0.03937602361379675,2.5556265583226985
"frozenset({'distribution_channel_TA/TO', 'meal_BB', 'deposit_type_Non Refund', 'market_segment_Groups', 'reserved_room_type_A'})",frozenset({'is_canceled'}),0.061001758941284866,0.37041628277075134,0.061001758941284866,1.0,2.6996653400868307,0.03840571415177668,inf
"frozenset({'assigned_room_type_A', 'distribution_channel_TA/TO', 'meal_BB', 'deposit_type_Non Refund', 'market_segment_Groups'})",frozenset({'is_canceled'}),0.060775609347516545,0.37041628277075134,0.060775609347516545,1.0,2.6996653400868307,0.038263334049882136,inf
"frozenset({'assigned_room_type_A', 'distribution_channel_TA/TO', 'deposit_type_Non Refund', 'market_segment_Groups', 'reserved_room_type_A'})",frozenset({'is_canceled'}),0.06995560767233437,0.37041628277075134,0.06958706759360081,0.9947318007662835,2.6854429652108944,0.04367437144064566,119.50643650678855
"frozenset({'assigned_room_type_A', 'meal_BB', 'market_segment_Groups', 'reserved_room_type_A', 'customer_type_Transient'})",frozenset({'is_canceled'}),0.05698969762961722,0.37041628277075134,0.055507161403802664,0.9739858906525574,2.6294359507283107,0.034397249451610754,24.20162492671082
"frozenset({'meal_BB', 'deposit_type_Non Refund', 'market_segment_Groups', 'reserved_room_type_A', 'customer_type_Transient'})",frozenset({'is_canceled'}),0.05496272719658263,0.37041628277075134,0.05496272719658263,1.0,2.6996653400868307,0.03460363809748161,inf
"frozenset({'assigned_room_type_A', 'meal_BB', 'deposit_type_Non Refund', 'market_segment_Groups', 'customer_type_Transient'})",frozenset({'is_canceled'}),0.05471982578105369,0.37041628277075134,0.05471982578105369,1.0,2.6996653400868307,0.03445071132137266,inf
"frozenset({'assigned_room_type_A', 'deposit_type_Non Refund', 'market_segment_Groups', 'reserved_room_type_A', 'customer_type_Transient'})",frozenset({'is_canceled'}),0.06436887511516877,0.37041628277075134,0.06436887511516877,1.0,2.6996653400868307,0.04052559566887323,inf
"frozenset({'assigned_room_type_A', 'meal_BB', 'deposit_type_Non Refund', 'market_segment_Groups', 'reserved_room_type_A'})",frozenset({'is_canceled'}),0.06381606499706843,0.37041628277075134,0.06375743362090627,0.9990812442577766,2.697185007053544,0.040118924043635526,685.2569059384807
"frozenset({'market_segment_Offline TA/TO', 'distribution_channel_TA/TO', 'meal_BB', 'reserved_room_type_A', 'customer_type_Transient'})",frozenset({'is_canceled'}),0.0789513359577854,0.37041628277075134,0.04111734651143312,0.5207935497559941,1.4059682956170436,0.011872486126165493,1.313804763914744
"frozenset({'market_segment_Offline TA/TO', 'assigned_room_type_A', 'distribution_channel_TA/TO', 'meal_BB', 'customer_type_Transient'})",frozenset({'is_canceled'}),0.06647960465700645,0.37041628277075134,0.04053940866069185,0.6098021922640796,1.6462618427643012,0.01591428062357439,1.6134988581364373
"frozenset({'market_segment_Offline TA/TO', 'distribution_channel_TA/TO', 'meal_BB', 'deposit_type_Non Refund', 'customer_type_Transient'})",frozenset({'is_canceled'}),0.03514532205377335,0.37041628277075134,0.03514532205377335,1.0,2.6996653400868307,0.022126922501833714,inf
"frozenset({'market_segment_Offline TA/TO', 'assigned_room_type_A', 'distribution_channel_TA/TO', 'reserved_room_type_A', 'customer_type_Transient'})",frozenset({'is_canceled'}),0.07954602563028729,0.37041628277075134,0.0460842616634559,0.5793408444772034,1.5640263979317408,0.016619118540297975,1.4966599655885293
"frozenset({'market_segment_Offline TA/TO', 'distribution_channel_TA/TO', 'deposit_type_Non Refund', 'reserved_room_type_A', 'customer_type_Transient'})",frozenset({'is_canceled'}),0.03812714632716308,0.37041628277075134,0.03812714632716308,1.0,2.6996653400868307,0.024004230511998827,inf
"frozenset({'market_segment_Offline TA/TO', 'assigned_room_type_A', 'distribution_channel_TA/TO', 'deposit_type_Non Refund', 'customer_type_Transient'})",frozenset({'is_canceled'}),0.038018259485719075,0.37041628277075134,0.038018259485719075,1.0,2.6996653400868307,0.02393567712960516,inf
"frozenset({'market_segment_Offline TA/TO', 'distribution_channel_TA/TO', 'meal_BB', 'deposit_type_Non Refund', 'reserved_room_type_A'})",frozenset({'is_canceled'}),0.03502805930144903,0.37041628277075134,0.035002931568808106,0.9992826398852224,2.6977287078486047,0.022027968049691912,877.6397018175559
"frozenset({'market_segment_Offline TA/TO', 'assigned_room_type_A', 'distribution_channel_TA/TO', 'meal_BB', 'deposit_type_Non Refund'})",frozenset({'is_canceled'}),0.034919172460005025,0.37041628277075134,0.0348940447273641,0.9992804029743343,2.697722668937811,0.021959414667298244,874.9115057094809
"frozenset({'market_segment_Offline TA/TO', 'assigned_room_type_A', 'distribution_channel_TA/TO', 'deposit_type_Non Refund', 'reserved_room_type_A'})",frozenset({'is_canceled'}),0.041552893877209146,0.37041628277075134,0.04152776614456822,0.9993952832090304,2.6980328071256814,0.026135897656204894,1041.1216070579878
"frozenset({'market_segment_Offline TA/TO', 'assigned_room_type_A', 'meal_BB', 'reserved_room_type_A', 'customer_type_Transient'})",frozenset({'is_canceled'}),0.06644610101348522,0.37041628277075134,0.04053940866069185,0.6101096684734651,1.6470919256296808,0.0159266909186668,1.6147712993144612
"frozenset({'market_segment_Offline TA/TO', 'meal_BB', 'deposit_type_Non Refund', 'reserved_room_type_A', 'customer_type_Transient'})",frozenset({'is_canceled'}),0.03496942792528687,0.37041628277075134,0.03496942792528687,1.0,2.6996653400868307,0.022016182422582402,inf
"frozenset({'market_segment_Offline TA/TO', 'assigned_room_type_A', 'meal_BB', 'deposit_type_Non Refund', 'customer_type_Transient'})",frozenset({'is_canceled'}),0.034860541083842865,0.37041628277075134,0.034860541083842865,1.0,2.6996653400868307,0.02194762904018873,inf
"frozenset({'market_segment_Offline TA/TO', 'assigned_room_type_A', 'deposit_type_Non Refund', 'reserved_room_type_A', 'customer_type_Transient'})",frozenset({'is_canceled'}),0.038018259485719075,0.37041628277075134,0.038018259485719075,1.0,2.6996653400868307,0.02393567712960516,inf
"frozenset({'market_segment_Offline TA/TO', 'assigned_room_type_A', 'meal_BB', 'deposit_type_Non Refund', 'reserved_room_type_A'})",frozenset({'is_canceled'}),0.034919172460005025,0.37041628277075134,0.0348940447273641,0.9992804029743343,2.697722668937811,0.021959414667298244,874.9115057094809
"frozenset({'assigned_room_type_A', 'distribution_channel_TA/TO', 'meal_BB', 'reserved_room_type_A', 'customer_type_Transient'})",frozenset({'is_canceled'}),0.2682636736745121,0.37041628277075134,0.15281849401122372,0.5696577994255027,1.5378854168191651,0.053449261206285084,1.4629839146353025
"frozenset({'distribution_channel_TA/TO', 'meal_BB', 'deposit_type_Non Refund', 'reserved_room_type_A', 'customer_type_Transient'})",frozenset({'is_canceled'}),0.08788843286707429,0.37041628277075134,0.08788843286707429,1.0,2.6996653400868307,0.055333126265905905,inf
"frozenset({'assigned_room_type_A', 'distribution_channel_TA/TO', 'meal_BB', 'deposit_type_Non Refund', 'customer_type_Transient'})",frozenset({'is_canceled'}),0.08755339643186197,0.37041628277075134,0.08755339643186197,1.0,2.6996653400868307,0.055122192781617695,inf
"frozenset({'meal_HB', 'assigned_room_type_A', 'distribution_channel_TA/TO', 'reserved_room_type_A', 'customer_type_Transient'})",frozenset({'is_canceled'}),0.02815981237959628,0.37041628277075134,0.016550799899489068,0.5877453896490183,1.5867158572312838,0.006119946874317227,1.5271720471318424
"frozenset({'assigned_room_type_A', 'distribution_channel_TA/TO', 'deposit_type_Non Refund', 'reserved_room_type_A', 'customer_type_Transient'})",frozenset({'is_canceled'}),0.0989781388726024,0.37041628277075134,0.0989781388726024,1.0,2.6996653400868307,0.062315024595845814,inf
"frozenset({'assigned_room_type_A', 'distribution_channel_TA/TO', 'meal_BB', 'deposit_type_Non Refund', 'reserved_room_type_A'})",frozenset({'is_canceled'}),0.09656587653907363,0.37041628277075134,0.0965407488064327,0.9997397866250324,2.6989628510574035,0.06077117577632973,2419.4902253106234
"frozenset({'meal_HB', 'assigned_room_type_A', 'distribution_channel_TA/TO', 'deposit_type_Non Refund', 'reserved_room_type_A'})",frozenset({'is_canceled'}),0.013049669151520229,0.37041628277075134,0.012681129072786665,0.9717586649550705,2.623423186708255,0.007847319134292399,22.292987078253738
"frozenset({'assigned_room_type_A', 'meal_BB', 'deposit_type_Non Refund', 'reserved_room_type_A', 'customer_type_Transient'})",frozenset({'is_canceled'}),0.09223553061395427,0.37041628277075134,0.09223553061395427,1.0,2.6996653400868307,0.058069988224545496,inf
"frozenset({'distribution_channel_TA/TO', 'meal_BB', 'hotel_City Hotel', 'market_segment_Groups', 'reserved_room_type_A', 'customer_type_Transient'})",frozenset({'is_canceled'}),0.051042800904598375,0.37041628277075134,0.050464863053857105,0.9886773875943551,2.669098075816074,0.03155777848056823,55.60410395355123
"frozenset({'assigned_room_type_A', 'distribution_channel_TA/TO', 'meal_BB', 'hotel_City Hotel', 'market_segment_Groups', 'customer_type_Transient'})",frozenset({'is_canceled'}),0.05069938855850574,0.37041628277075134,0.050322472568891864,0.9925656699157441,2.6795951368316,0.031542593520300206,84.68600534196837
"frozenset({'distribution_channel_TA/TO', 'meal_BB', 'hotel_City Hotel', 'deposit_type_Non Refund', 'market_segment_Groups', 'customer_type_Transient'})",frozenset({'is_canceled'}),0.05006281933160231,0.37041628277075134,0.05006281933160231,1.0,2.6996653400868307,0.031518735889766475,inf
"frozenset({'assigned_room_type_A', 'distribution_channel_TA/TO', 'hotel_City Hotel', 'market_segment_Groups', 'reserved_room_type_A', 'customer_type_Transient'})",frozenset({'is_canceled'}),0.05415863975207304,0.37041628277075134,0.05375659602981824,0.9925765542839468,2.6796245209831855,0.0336953540129351,84.8101732417562
"frozenset({'distribution_channel_TA/TO', 'hotel_City Hotel', 'deposit_type_Non Refund', 'market_segment_Groups', 'reserved_room_type_A', 'customer_type_Transient'})",frozenset({'is_canceled'}),0.053228913644358826,0.37041628277075134,0.053228913644358826,1.0,2.6996653400868307,0.0335120573162901,inf
"frozenset({'assigned_room_type_A', 'distribution_channel_TA/TO', 'hotel_City Hotel', 'deposit_type_Non Refund', 'market_segment_Groups', 'customer_type_Transient'})",frozenset({'is_canceled'}),0.053086523159393585,0.37041628277075134,0.053086523159393585,1.0,2.6996653400868307,0.03342241058546761,inf
"frozenset({'assigned_room_type_A', 'distribution_channel_TA/TO', 'meal_BB', 'hotel_City Hotel', 'market_segment_Groups', 'reserved_room_type_A'})",frozenset({'is_canceled'}),0.0959376832230505,0.37041628277075134,0.07302119105452717,0.7611314824515453,2.0548002824233444,0.03748431105740693,2.6356914828742006
"frozenset({'distribution_channel_TA/TO', 'meal_BB', 'hotel_City Hotel', 'deposit_type_Non Refund', 'market_segment_Groups', 'reserved_room_type_A'})",frozenset({'is_canceled'}),0.05874863891448195,0.37041628277075134,0.05874863891448195,1.0,2.6996653400868307,0.03698718646993844,inf
"frozenset({'assigned_room_type_A', 'distribution_channel_TA/TO', 'meal_BB', 'hotel_City Hotel', 'deposit_type_Non Refund', 'market_segment_Groups'})",frozenset({'is_canceled'}),0.05860624842951671,0.37041628277075134,0.05860624842951671,1.0,2.6996653400868307,0.03689753973911594,inf
"frozenset({'assigned_room_type_A', 'distribution_channel_TA/TO', 'hotel_City Hotel', 'deposit_type_Non Refund', 'market_segment_Groups', 'reserved_room_type_A'})",frozenset({'is_canceled'}),0.062450791523578186,0.37041628277075134,0.062450791523578186,1.0,2.6996653400868307,0.03931800147132321,inf
"frozenset({'assigned_room_type_A', 'meal_BB', 'hotel_City Hotel', 'market_segment_Groups', 'reserved_room_type_A', 'customer_type_Transient'})",frozenset({'is_canceled'}),0.052550464863053856,0.37041628277075134,0.05159561102269872,0.9818297736691106,2.6506118098397953,0.03213006317025133,34.649195104353566
"frozenset({'meal_BB', 'hotel_City Hotel', 'deposit_type_Non Refund', 'market_segment_Groups', 'reserved_room_type_A', 'customer_type_Transient'})",frozenset({'is_canceled'}),0.0510679286372393,0.37041628277075134,0.0510679286372393,1.0,2.6996653400868307,0.03215153634263112,inf
"frozenset({'assigned_room_type_A', 'meal_BB', 'hotel_City Hotel', 'deposit_type_Non Refund', 'market_segment_Groups', 'customer_type_Transient'})",frozenset({'is_canceled'}),0.05090878633051344,0.37041628277075134,0.05090878633051344,1.0,2.6996653400868307,0.032051342937594214,inf
"frozenset({'assigned_room_type_A', 'hotel_City Hotel', 'deposit_type_Non Refund', 'market_segment_Groups', 'reserved_room_type_A', 'customer_type_Transient'})",frozenset({'is_canceled'}),0.05433453388055951,0.37041628277075134,0.05433453388055951,1.0,2.6996653400868307,0.03420813781444121,inf
"frozenset({'assigned_room_type_A', 'meal_BB', 'hotel_City Hotel', 'deposit_type_Non Refund', 'market_segment_Groups', 'reserved_room_type_A'})",frozenset({'is_canceled'}),0.05987938688332356,0.37041628277075134,0.05986263506156295,0.99972024059309,2.698910083312432,0.03768233515765055,2250.4469972359943
"frozenset({'market_segment_Offline TA/TO', 'distribution_channel_TA/TO', 'meal_BB', 'hotel_City Hotel', 'reserved_room_type_A', 'customer_type_Transient'})",frozenset({'is_canceled'}),0.06292821844375576,0.37041628277075134,0.0386548287126225,0.6142686010914414,1.658319651870188,0.015345191955300652,1.6321816658189594
"frozenset({'market_segment_Offline TA/TO', 'assigned_room_type_A', 'distribution_channel_TA/TO', 'meal_BB', 'hotel_City Hotel', 'customer_type_Transient'})",frozenset({'is_canceled'}),0.05485384035513862,0.37041628277075134,0.03826116090124801,0.6975110703924263,1.8830464610652988,0.01794240526119733,2.0813446563020443
"frozenset({'market_segment_Offline TA/TO', 'distribution_channel_TA/TO', 'meal_BB', 'hotel_City Hotel', 'deposit_type_Non Refund', 'customer_type_Transient'})",frozenset({'is_canceled'}),0.034316106876622836,0.37041628277075134,0.034316106876622836,1.0,2.6996653400868307,0.021604862128220388,inf
"frozenset({'market_segment_Offline TA/TO', 'assigned_room_type_A', 'distribution_channel_TA/TO', 'hotel_City Hotel', 'reserved_room_type_A', 'customer_type_Transient'})",frozenset({'is_canceled'}),0.061763966831392916,0.37041628277075134,0.041703660273054693,0.6752101979929481,1.8228415687947286,0.018825281270194148,1.9384343761371519
"frozenset({'market_segment_Offline TA/TO', 'distribution_channel_TA/TO', 'hotel_City Hotel', 'deposit_type_Non Refund', 'reserved_room_type_A', 'customer_type_Transient'})",frozenset({'is_canceled'}),0.03703827791272301,0.37041628277075134,0.03703827791272301,1.0,2.6996653400868307,0.023318696688062128,inf
"frozenset({'market_segment_Offline TA/TO', 'assigned_room_type_A', 'distribution_channel_TA/TO', 'hotel_City Hotel', 'deposit_type_Non Refund', 'customer_type_Transient'})",frozenset({'is_canceled'}),0.03693776698215931,0.37041628277075134,0.03693776698215931,1.0,2.6996653400868307,0.023255416642775664,inf
"frozenset({'market_segment_Offline TA/TO', 'assigned_room_type_A', 'distribution_channel_TA/TO', 'meal_BB', 'hotel_City Hotel', 'reserved_room_type_A'})",frozenset({'is_canceled'}),0.08408576932741435,0.37041628277075134,0.046553312672753165,0.5536408008765814,1.4946448809844213,0.015406574564573481,1.4104867077135523
"frozenset({'market_segment_Offline TA/TO', 'distribution_channel_TA/TO', 'meal_BB', 'hotel_City Hotel', 'deposit_type_Non Refund', 'reserved_room_type_A'})",frozenset({'is_canceled'}),0.03429097914398191,0.37041628277075134,0.0342826032331016,0.9997557401074744,2.6990059201210057,0.021580666206018465,2577.5157383366904
"frozenset({'market_segment_Offline TA/TO', 'assigned_room_type_A', 'distribution_channel_TA/TO', 'meal_BB', 'hotel_City Hotel', 'deposit_type_Non Refund'})",frozenset({'is_canceled'}),0.03419046821341821,0.37041628277075134,0.0341820923025379,0.9997550220480157,2.699003981600773,0.021517386160731997,2569.9607337299726
"frozenset({'market_segment_Offline TA/TO', 'assigned_room_type_A', 'distribution_channel_TA/TO', 'hotel_City Hotel', 'deposit_type_Non Refund', 'reserved_room_type_A'})",frozenset({'is_canceled'}),0.04043052181924784,0.37041628277075134,0.040422145908367534,0.9997928319867413,2.6991060557818614,0.025446022305599995,3039.000603066252
"frozenset({'market_segment_Offline TA/TO', 'assigned_room_type_A', 'meal_BB', 'hotel_City Hotel', 'reserved_room_type_A', 'customer_type_Transient'})",frozenset({'is_canceled'}),0.054786833068096154,0.37041628277075134,0.03826116090124801,0.6983641645008408,1.8853495296616176,0.017967225851382156,2.087231167965796
"frozenset({'market_segment_Offline TA/TO', 'meal_BB', 'hotel_City Hotel', 'deposit_type_Non Refund', 'reserved_room_type_A', 'customer_type_Transient'})",frozenset({'is_canceled'}),0.03427422732222129,0.37041628277075134,0.03427422732222129,1.0,2.6996653400868307,0.021578495442684358,inf
"frozenset({'market_segment_Offline TA/TO', 'assigned_room_type_A', 'meal_BB', 'hotel_City Hotel', 'deposit_type_Non Refund', 'customer_type_Transient'})",frozenset({'is_canceled'}),0.034173716391657595,0.37041628277075134,0.034173716391657595,1.0,2.6996653400868307,0.021515215397397897,inf
"frozenset({'market_segment_Offline TA/TO', 'assigned_room_type_A', 'hotel_City Hotel', 'deposit_type_Non Refund', 'reserved_room_type_A', 'customer_type_Transient'})",frozenset({'is_canceled'}),0.03693776698215931,0.37041628277075134,0.03693776698215931,1.0,2.6996653400868307,0.023255416642775664,inf
"frozenset({'market_segment_Offline TA/TO', 'assigned_room_type_A', 'meal_BB', 'hotel_City Hotel', 'deposit_type_Non Refund', 'reserved_room_type_A'})",frozenset({'is_canceled'}),0.03419046821341821,0.37041628277075134,0.0341820923025379,0.9997550220480157,2.699003981600773,0.021517386160731997,2569.9607337299726
"frozenset({'assigned_room_type_A', 'distribution_channel_TA/TO', 'meal_BB', 'hotel_City Hotel', 'reserved_room_type_A', 'customer_type_Transient'})",frozenset({'is_canceled'}),0.21035262584806097,0.37041628277075134,0.12906441075466957,0.6135621565660587,1.6564124880703182,0.05114637301696416,1.6291978850587685
"frozenset({'distribution_channel_TA/TO', 'meal_BB', 'hotel_City Hotel', 'deposit_type_Non Refund', 'reserved_room_type_A', 'customer_type_Transient'})",frozenset({'is_canceled'}),0.08480609766312086,0.37041628277075134,0.08480609766312086,1.0,2.6996653400868307,0.05339253821045433,inf
"frozenset({'assigned_room_type_A', 'distribution_channel_TA/TO', 'meal_BB', 'hotel_City Hotel', 'deposit_type_Non Refund', 'customer_type_Transient'})",frozenset({'is_canceled'}),0.08456319624759193,0.37041628277075134,0.08456319624759193,1.0,2.6996653400868307,0.05323961143434538,inf
"frozenset({'assigned_room_type_A', 'distribution_channel_TA/TO', 'hotel_City Hotel', 'deposit_type_Non Refund', 'reserved_room_type_A', 'customer_type_Transient'})",frozenset({'is_canceled'}),0.0907529943881397,0.37041628277075134,0.0907529943881397,1.0,2.6996653400868307,0.057136607556570136,inf
"frozenset({'assigned_room_type_A', 'distribution_channel_TA/TO', 'meal_BB', 'hotel_City Hotel', 'deposit_type_Non Refund', 'reserved_room_type_A'})",frozenset({'is_canceled'}),0.09352542088952173,0.37041628277075134,0.09351704497864143,0.9999104424144726,2.6994235645772404,0.05887370622817481,7029.93178658744
"frozenset({'meal_HB', 'assigned_room_type_A', 'distribution_channel_TA/TO', 'hotel_City Hotel', 'deposit_type_Non Refund', 'reserved_room_type_A'})",frozenset({'is_canceled'}),0.010084596699891113,0.37041628277075134,0.010084596699891113,1.0,2.6996653400868307,0.006349097877075261,inf
"frozenset({'assigned_room_type_A', 'meal_BB', 'hotel_City Hotel', 'deposit_type_Non Refund', 'reserved_room_type_A', 'customer_type_Transient'})",frozenset({'is_canceled'}),0.08757852416450289,0.37041628277075134,0.08757852416450289,1.0,2.6996653400868307,0.055138012792939305,inf
"frozenset({'assigned_room_type_A', 'hotel_Resort Hotel', 'deposit_type_Non Refund', 'market_segment_Groups', 'reserved_room_type_A', 'customer_type_Transient'})",frozenset({'is_canceled'}),0.010034341234609263,0.37041628277075134,0.010034341234609263,1.0,2.6996653400868307,0.006317457854432028,inf
"frozenset({'assigned_room_type_A', 'distribution_channel_TA/TO', 'meal_BB', 'market_segment_Groups', 'reserved_room_type_A', 'customer_type_Transient'})",frozenset({'is_canceled'}),0.05296088449618896,0.37041628277075134,0.05250020939777201,0.9913015973430335,2.6761825639196988,0.03288263543044258,72.37923352801063
"frozenset({'distribution_channel_TA/TO', 'meal_BB', 'deposit_type_Non Refund', 'market_segment_Groups', 'reserved_room_type_A', 'customer_type_Transient'})",frozenset({'is_canceled'}),0.05205628612111567,0.37041628277075134,0.05205628612111567,1.0,2.6996653400868307,0.03277379012128135,inf
"frozenset({'assigned_room_type_A', 'distribution_channel_TA/TO', 'meal_BB', 'deposit_type_Non Refund', 'market_segment_Groups', 'customer_type_Transient'})",frozenset({'is_canceled'}),0.05183013652734735,0.37041628277075134,0.05183013652734735,1.0,2.6996653400868307,0.03263141001938681,inf
"frozenset({'assigned_room_type_A', 'distribution_channel_TA/TO', 'deposit_type_Non Refund', 'market_segment_Groups', 'reserved_room_type_A', 'customer_type_Transient'})",frozenset({'is_canceled'}),0.060097160566211574,0.37041628277075134,0.060097160566211574,1.0,2.6996653400868307,0.0378361937441985,inf
"frozenset({'assigned_room_type_A', 'distribution_channel_TA/TO', 'meal_BB', 'deposit_type_Non Refund', 'market_segment_Groups', 'reserved_room_type_A'})",frozenset({'is_canceled'}),0.060775609347516545,0.37041628277075134,0.060775609347516545,1.0,2.6996653400868307,0.038263334049882136,inf
"frozenset({'assigned_room_type_A', 'meal_BB', 'deposit_type_Non Refund', 'market_segment_Groups', 'reserved_room_type_A', 'customer_type_Transient'})",frozenset({'is_canceled'}),0.05471982578105369,0.37041628277075134,0.05471982578105369,1.0,2.6996653400868307,0.03445071132137266,inf
"frozenset({'market_segment_Offline TA/TO', 'assigned_room_type_A', 'distribution_channel_TA/TO', 'meal_BB', 'reserved_room_type_A', 'customer_type_Transient'})",frozenset({'is_canceled'}),0.06621157550883659,0.37041628277075134,0.04053103274981154,0.6121442125237191,1.6525845136850312,0.01600518707343337,1.6232417758307924
"frozenset({'market_segment_Offline TA/TO', 'distribution_channel_TA/TO', 'meal_BB', 'deposit_type_Non Refund', 'reserved_room_type_A', 'customer_type_Transient'})",frozenset({'is_canceled'}),0.03496942792528687,0.37041628277075134,0.03496942792528687,1.0,2.6996653400868307,0.022016182422582402,inf
"frozenset({'market_segment_Offline TA/TO', 'assigned_room_type_A', 'distribution_channel_TA/TO', 'meal_BB', 'deposit_type_Non Refund', 'customer_type_Transient'})",frozenset({'is_canceled'}),0.034860541083842865,0.37041628277075134,0.034860541083842865,1.0,2.6996653400868307,0.02194762904018873,inf
"frozenset({'market_segment_Offline TA/TO', 'assigned_room_type_A', 'distribution_channel_TA/TO', 'deposit_type_Non Refund', 'reserved_room_type_A', 'customer_type_Transient'})",frozenset({'is_canceled'}),0.038018259485719075,0.37041628277075134,0.038018259485719075,1.0,2.6996653400868307,0.02393567712960516,inf
"frozenset({'market_segment_Offline TA/TO', 'assigned_room_type_A', 'distribution_channel_TA/TO', 'meal_BB', 'deposit_type_Non Refund', 'reserved_room_type_A'})",frozenset({'is_canceled'}),0.034919172460005025,0.37041628277075134,0.0348940447273641,0.9992804029743343,2.697722668937811,0.021959414667298244,874.9115057094809
"frozenset({'market_segment_Offline TA/TO', 'assigned_room_type_A', 'meal_BB', 'deposit_type_Non Refund', 'reserved_room_type_A', 'customer_type_Transient'})",frozenset({'is_canceled'}),0.034860541083842865,0.37041628277075134,0.034860541083842865,1.0,2.6996653400868307,0.02194762904018873,inf
"frozenset({'assigned_room_type_A', 'distribution_channel_TA/TO', 'meal_BB', 'deposit_type_Non Refund', 'reserved_room_type_A', 'customer_type_Transient'})",frozenset({'is_canceled'}),0.08755339643186197,0.37041628277075134,0.08755339643186197,1.0,2.6996653400868307,0.055122192781617695,inf
"frozenset({'assigned_room_type_A', 'distribution_channel_TA/TO', 'meal_BB', 'hotel_City Hotel', 'market_segment_Groups', 'reserved_room_type_A', 'customer_type_Transient'})",frozenset({'is_canceled'}),0.05069938855850574,0.37041628277075134,0.050322472568891864,0.9925656699157441,2.6795951368316,0.031542593520300206,84.68600534196837
"frozenset({'distribution_channel_TA/TO', 'meal_BB', 'hotel_City Hotel', 'deposit_type_Non Refund', 'market_segment_Groups', 'reserved_room_type_A', 'customer_type_Transient'})",frozenset({'is_canceled'}),0.049803166094312755,0.37041628277075134,0.049803166094312755,1.0,2.6996653400868307,0.0313552624394431,inf
"frozenset({'assigned_room_type_A', 'distribution_channel_TA/TO', 'meal_BB', 'hotel_City Hotel', 'deposit_type_Non Refund', 'market_segment_Groups', 'customer_type_Transient'})",frozenset({'is_canceled'}),0.049660775609347514,0.37041628277075134,0.049660775609347514,1.0,2.6996653400868307,0.03126561570862062,inf
"frozenset({'assigned_room_type_A', 'distribution_channel_TA/TO', 'hotel_City Hotel', 'deposit_type_Non Refund', 'market_segment_Groups', 'reserved_room_type_A', 'customer_type_Transient'})",frozenset({'is_canceled'}),0.053086523159393585,0.37041628277075134,0.053086523159393585,1.0,2.6996653400868307,0.03342241058546761,inf
"frozenset({'assigned_room_type_A', 'distribution_channel_TA/TO', 'meal_BB', 'hotel_City Hotel', 'deposit_type_Non Refund', 'market_segment_Groups', 'reserved_room_type_A'})",frozenset({'is_canceled'}),0.05860624842951671,0.37041628277075134,0.05860624842951671,1.0,2.6996653400868307,0.03689753973911594,inf
"frozenset({'assigned_room_type_A', 'meal_BB', 'hotel_City Hotel', 'deposit_type_Non Refund', 'market_segment_Groups', 'reserved_room_type_A', 'customer_type_Transient'})",frozenset({'is_canceled'}),0.05090878633051344,0.37041628277075134,0.05090878633051344,1.0,2.6996653400868307,0.032051342937594214,inf
"frozenset({'market_segment_Offline TA/TO', 'assigned_room_type_A', 'distribution_channel_TA/TO', 'meal_BB', 'hotel_City Hotel', 'reserved_room_type_A', 'customer_type_Transient'})",frozenset({'is_canceled'}),0.0546276907613703,0.37041628277075134,0.0382527849903677,0.7002453235203925,1.890428029465893,0.0180177988421908,2.100329925201616
"frozenset({'market_segment_Offline TA/TO', 'distribution_channel_TA/TO', 'meal_BB', 'hotel_City Hotel', 'deposit_type_Non Refund', 'reserved_room_type_A', 'customer_type_Transient'})",frozenset({'is_canceled'}),0.03427422732222129,0.37041628277075134,0.03427422732222129,1.0,2.6996653400868307,0.021578495442684358,inf
"frozenset({'market_segment_Offline TA/TO', 'assigned_room_type_A', 'distribution_channel_TA/TO', 'meal_BB', 'hotel_City Hotel', 'deposit_type_Non Refund', 'customer_type_Transient'})",frozenset({'is_canceled'}),0.034173716391657595,0.37041628277075134,0.034173716391657595,1.0,2.6996653400868307,0.021515215397397897,inf
"frozenset({'market_segment_Offline TA/TO', 'assigned_room_type_A', 'distribution_channel_TA/TO', 'hotel_City Hotel', 'deposit_type_Non Refund', 'reserved_room_type_A', 'customer_type_Transient'})",frozenset({'is_canceled'}),0.03693776698215931,0.37041628277075134,0.03693776698215931,1.0,2.6996653400868307,0.023255416642775664,inf
"frozenset({'market_segment_Offline TA/TO', 'assigned_room_type_A', 'distribution_channel_TA/TO', 'meal_BB', 'hotel_City Hotel', 'deposit_type_Non Refund', 'reserved_room_type_A'})",frozenset({'is_canceled'}),0.03419046821341821,0.37041628277075134,0.0341820923025379,0.9997550220480157,2.699003981600773,0.021517386160731997,2569.9607337299726
"frozenset({'market_segment_Offline TA/TO', 'assigned_room_type_A', 'meal_BB', 'hotel_City Hotel', 'deposit_type_Non Refund', 'reserved_room_type_A', 'customer_type_Transient'})",frozenset({'is_canceled'}),0.034173716391657595,0.37041628277075134,0.034173716391657595,1.0,2.6996653400868307,0.021515215397397897,inf
"frozenset({'assigned_room_type_A', 'distribution_channel_TA/TO', 'meal_BB', 'hotel_City Hotel', 'deposit_type_Non Refund', 'reserved_room_type_A', 'customer_type_Transient'})",frozenset({'is_canceled'}),0.08456319624759193,0.37041628277075134,0.08456319624759193,1.0,2.6996653400868307,0.05323961143434538,inf
"frozenset({'assigned_room_type_A', 'distribution_channel_TA/TO', 'meal_BB', 'deposit_type_Non Refund', 'market_segment_Groups', 'reserved_room_type_A', 'customer_type_Transient'})",frozenset({'is_canceled'}),0.05183013652734735,0.37041628277075134,0.05183013652734735,1.0,2.6996653400868307,0.03263141001938681,inf
"frozenset({'market_segment_Offline TA/TO', 'assigned_room_type_A', 'distribution_channel_TA/TO', 'meal_BB', 'deposit_type_Non Refund', 'reserved_room_type_A', 'customer_type_Transient'})",frozenset({'is_canceled'}),0.034860541083842865,0.37041628277075134,0.034860541083842865,1.0,2.6996653400868307,0.02194762904018873,inf
"frozenset({'assigned_room_type_A', 'distribution_channel_TA/TO', 'meal_BB', 'hotel_City Hotel', 'deposit_type_Non Refund', 'market_segment_Groups', 'reserved_room_type_A', 'customer_type_Transient'})",frozenset({'is_canceled'}),0.049660775609347514,0.37041628277075134,0.049660775609347514,1.0,2.6996653400868307,0.03126561570862062,inf
"frozenset({'market_segment_Offline TA/TO', 'assigned_room_type_A', 'distribution_channel_TA/TO', 'meal_BB', 'hotel_City Hotel', 'deposit_type_Non Refund', 'reserved_room_type_A', 'customer_type_Transient'})",frozenset({'is_canceled'}),0.034173716391657595,0.37041628277075134,0.034173716391657595,1.0,2.6996653400868307,0.021515215397397897,inf
